//www.graysongrantsesq.com""Kristeen","Turinetti","Jeanerette Middle School","70099 E North Ave","Arlington","Tarrant","TX",76013,"817-213-8851","817-947-9480","kristeen@gmail.com","http://www.jeanerettemiddleschool.com""Jenelle","Regusters","Haavisto, Brian F Esq","3211 E Northeast Loop","Tampa","Hillsborough","FL",33619,"813-932-8715","813-357-7296","jregusters@regusters.com","http://www.haavistobrianfesq.com""Renea","Monterrubio","Wmmt Radio Station","26 Montgomery St","Atlanta","Fulton","GA",30328,"770-679-4752","770-930-9967","renea@hotmail.com","http://www.wmmtradiostation.com""Olive","Matuszak","Colony Paints Sales Ofc & Plnt","13252 Lighthouse Ave","Cathedral City","Riverside","CA",92234,"760-938-6069","760-745-2649","olive@aol.com","http://www.colonypaintssalesofcplnt.com""Ligia","Reiber","Floral Expressions","206 Main St #2804","Lansing","Ingham","MI",48933,"517-906-1108","517-747-7664","lreiber@cox.net","http://www.floralexpressions.com""Christiane","Eschberger","Casco Services Inc","96541 W Central Blvd","Phoenix","Maricopa","AZ",85034,"602-390-4944","602-330-6894","christiane.eschberger@yahoo.com","http://www.cascoservicesinc.com""Goldie","Schirpke","Reuter, Arthur C Jr","34 Saint George Ave #2","Bangor","Penobscot","ME","04401","207-295-7569","207-748-3722","goldie.schirpke@yahoo.com","http://www.reuterarthurcjr.com""Loreta","Timenez","Kaminski, Katherine Andritsaki","47857 Coney Island Ave","Clinton","Prince Georges","MD",20735,"301-696-6420","301-392-6698","loreta.timenez@hotmail.com","http://www.kaminskikatherineandritsaki.com""Fabiola","Hauenstein","Sidewinder Products Corp","8573 Lincoln Blvd","York","York","PA",17404,"717-809-3119","717-344-2804","fabiola.hauenstein@hauenstein.org","http://www.sidewinderproductscorp.com""Amie","Perigo","General Foam Corporation","596 Santa Maria Ave #7913","Mesquite","Dallas","TX",75150,"972-419-7946","972-898-1033","amie.perigo@yahoo.com","http://www.generalfoamcorporation.com""Raina","Brachle","Ikg Borden Divsn Harsco Corp","3829 Ventura Blvd","Butte","Silver Bow","MT",59701,"406-318-1515","406-374-7752","raina.brachle@brachle.org","http://www.ikgbordendivsnharscocorp.com""Erinn","Canlas","Anchor Computer Inc","13 S Hacienda Dr","Livingston","Essex","NJ","07039","973-767-3008","973-563-9502","erinn.canlas@canlas.com","http://www.anchorcomputerinc.com""Cherry","Lietz","Sebring & Co","40 9th Ave Sw #91","Waterford","Oakland","MI",48329,"248-980-6904","248-697-7722","cherry@lietz.com","http://www.sebringco.com""Kattie","Vonasek","H A C Farm Lines Co Optv Assoc","2845 Boulder Crescent St","Cleveland","Cuyahoga","OH",44103,"216-923-3715","216-270-9653","kattie@vonasek.org","http://www.hacfarmlinescooptvassoc.com""Lilli","Scriven","Hunter, John J Esq","33 State St","Abilene","Taylor","TX",79601,"325-631-1560","325-667-7868","lilli@aol.com","http://www.hunterjohnjesq.com""Whitley","Tomasulo","Freehold Fence Co","2 S 15th St","Fort Worth","Tarrant","TX",76107,"817-526-4408","817-819-7799","whitley.tomasulo@aol.com","http://www.freeholdfenceco.com""Barbra","Adkin","Binswanger","4 Kohler Memorial Dr","Brooklyn","Kings","NY",11230,"718-201-3751","718-732-9475","badkin@hotmail.com","http://www.binswanger.com""Hermila","Thyberg","Chilton Malting Co","1 Rancho Del Mar Shopping C","Providence","Providence","RI","02903","401-893-4882","401-885-7681","hermila_thyberg@hotmail.com","http://www.chiltonmaltingco.com""Jesusita","Flister","Schoen, Edward J Jr","3943 N Highland Ave","Lancaster","Lancaster","PA",17601,"717-885-9118","717-686-7564","jesusita.flister@hotmail.com","http://www.schoenedwardjjr.com""Caitlin","Julia","Helderman, Seymour Cpa","5 Williams St","Johnston","Providence","RI","02919","401-948-4982","401-552-9059","caitlin.julia@julia.org","http://www.heldermanseymourcpa.com""Roosevelt","Hoffis","Denbrook, Myron","60 Old Dover Rd","Hialeah","Miami-Dade","FL",33014,"305-622-4739","305-302-1135","roosevelt.hoffis@aol.com","http://www.denbrookmyron.com""Helaine","Halter","Lippitt, Mike","8 Sheridan Rd","Jersey City","Hudson","NJ","07304","201-832-4168","201-412-3040","hhalter@yahoo.com","http://www.lippittmike.com""Lorean","Martabano","Hiram, Hogg P Esq","85092 Southern Blvd","San Antonio","Bexar","TX",78204,"210-856-4979","210-634-2447","lorean.martabano@hotmail.com","http://www.hiramhoggpesq.com""France","Buzick","In Travel Agency","64 Newman Springs Rd E","Brooklyn","Kings","NY",11219,"718-478-8504","718-853-3740","france.buzick@yahoo.com","http://www.intravelagency.com""Justine","Ferrario","Newhart Foods Inc","48 Stratford Ave","Pomona","Los Angeles","CA",91768,"909-993-3242","909-631-5703","jferrario@hotmail.com","http://www.newhartfoodsinc.com""Adelina","Nabours","Courtyard By Marriott","80 Pittsford Victor Rd #9","Cleveland","Cuyahoga","OH",44103,"216-230-4892","216-937-5320","adelina_nabours@gmail.com","http://www.courtyardbymarriott.com""Derick","Dhamer","Studer, Eugene A Esq","87163 N Main Ave","New York","New York","NY",10013,"212-304-4515","212-225-9676","ddhamer@cox.net","http://www.studereugeneaesq.com""Jerry","Dallen","Seashore Supply Co Waretown","393 Lafayette Ave","Richmond","Richmond City","VA",23219,"804-762-9576","804-808-9574","jerry.dallen@yahoo.com","http://www.seashoresupplycowaretown.com""Leota","Ragel","Mayar Silk Inc","99 5th Ave #33","Trion","Chattooga","GA",30753,"706-221-4243","706-616-5131","leota.ragel@gmail.com","http://www.mayarsilkinc.com""Jutta","Amyot","National Medical Excess Corp","49 N Mays St","Broussard","Lafayette","LA",70518,"337-515-1438","337-991-8070","jamyot@hotmail.com","http://www.nationalmedicalexcesscorp.com""Aja","Gehrett","Stero Company","993 Washington Ave","Nutley","Essex","NJ","07110","973-544-2677","973-986-4456","aja_gehrett@hotmail.com","http://www.sterocompany.com""Kirk","Herritt","Hasting, H Duane Esq","88 15th Ave Ne","Vestal","Broome","NY",13850,"607-407-3716","607-350-7690","kirk.herritt@aol.com","http://www.hastinghduaneesq.com""Leonora","Mauson","Insty Prints","3381 E 40th Ave","Passaic","Passaic","NJ","07055","973-412-2995","973-355-2120","leonora@yahoo.com","http://www.instyprints.com""Winfred","Brucato","Glenridge Manor Mobile Home Pk","201 Ridgewood Rd","Moscow","Latah","ID",83843,"208-252-4552","208-793-4108","winfred_brucato@hotmail.com","http://www.glenridgemanormobilehomepk.com""Tarra","Nachor","Circuit Solution Inc","39 Moccasin Dr","San Francisco","San Francisco","CA",94104,"415-411-1775","415-284-2730","tarra.nachor@cox.net","http://www.circuitsolutioninc.com""Corinne","Loder","Local Office","4 Carroll St","North Attleboro","Bristol","MA","02760","508-942-4186","508-618-7826","corinne@loder.org","http://www.localoffice.com""Dulce","Labreche","Lee Kilkelly Paulson & Kabaker","9581 E Arapahoe Rd","Rochester","Oakland","MI",48307,"248-357-8718","248-811-5696","dulce_labreche@yahoo.com","http://www.leekilkellypaulsonkabaker.com""Kate","Keneipp","Davis, Maxon R Esq","33 N Michigan Ave","Green Bay","Brown","WI",54301,"920-353-6377","920-355-1610","kate_keneipp@yahoo.com","http://www.davismaxonresq.com""Kaitlyn","Ogg","Garrison, Paul E Esq","2 S Biscayne Blvd","Baltimore","Baltimore City","MD",21230,"410-665-4903","410-773-3862","kaitlyn.ogg@gmail.com","http://www.garrisonpauleesq.com""Sherita","Saras","Black History Resource Center","8 Us Highway 22","Colorado Springs","El Paso","CO",80937,"719-669-1664","719-547-9543","sherita.saras@cox.net","http://www.blackhistoryresourcecenter.com""Lashawnda","Stuer","Rodriguez, J Christopher Esq","7422 Martin Ave #8","Toledo","Lucas","OH",43607,"419-588-8719","419-399-1744","lstuer@cox.net","http://www.rodriguezjchristopheresq.com""Ernest","Syrop","Grant Family Health Center","94 Chase Rd","Hyattsville","Prince Georges","MD",20785,"301-998-9644","301-257-4883","ernest@cox.net","http://www.grantfamilyhealthcenter.com""Nobuko","Halsey","Goeman Wood Products Inc","8139 I Hwy 10 #92","New Bedford","Bristol","MA","02745","508-855-9887","508-897-7916","nobuko.halsey@yahoo.com","http://www.goemanwoodproductsinc.com""Lavonna","Wolny","Linhares, Kenneth A Esq","5 Cabot Rd","Mc Lean","Fairfax","VA",22102,"703-483-1970","703-892-2914","lavonna.wolny@hotmail.com","http://www.linhareskennethaesq.com""Lashaunda","Lizama","Earnhardt Printing","3387 Ryan Dr","Hanover","Anne Arundel","MD",21076,"410-678-2473","410-912-6032","llizama@cox.net","http://www.earnhardtprinting.com""Mariann","Bilden","H P G Industrys Inc","3125 Packer Ave #9851","Austin","Travis","TX",78753,"512-223-4791","512-742-1149","mariann.bilden@aol.com","http://www.hpgindustrysinc.com""Helene","Rodenberger","Bailey Transportation Prod Inc","347 Chestnut St","Peoria","Maricopa","AZ",85381,"623-461-8551","623-426-4907","helene@aol.com","http://www.baileytransportationprodinc.com""Roselle","Estell","Mcglynn Bliss Pc","8116 Mount Vernon Ave","Bucyrus","Crawford","OH",44820,"419-571-5920","419-488-6648","roselle.estell@hotmail.com","http://www.mcglynnblisspc.com""Samira","Heintzman","Mutual Fish Co","8772 Old County Rd #5410","Kent","King","WA",98032,"206-311-4137","206-923-6042","sheintzman@hotmail.com","http://www.mutualfishco.com""Margart","Meisel","Yeates, Arthur L Aia","868 State St #38","Cincinnati","Hamilton","OH",45251,"513-617-2362","513-747-9603","margart_meisel@yahoo.com","http://www.yeatesarthurlaia.com""Kristofer","Bennick","Logan, Ronald J Esq","772 W River Dr","Bloomington","Monroe","IN",47404,"812-368-1511","812-442-8544","kristofer.bennick@yahoo.com","http://www.loganronaldjesq.com""Weldon","Acuff","Advantage Martgage Company","73 W Barstow Ave","Arlington Heights","Cook","IL",60004,"847-353-2156","847-613-5866","wacuff@gmail.com","http://www.advantagemartgagecompany.com""Shalon","Shadrick","Germer And Gertz Llp","61047 Mayfield Ave","Brooklyn","Kings","NY",11223,"718-232-2337","718-394-4974","shalon@cox.net","http://www.germerandgertzllp.com""Denise","Patak","Spence Law Offices","2139 Santa Rosa Ave","Orlando","Orange","FL",32801,"407-446-4358","407-808-3254","denise@patak.org","http://www.spencelawoffices.com""Louvenia","Beech","John Ortiz Nts Therapy Center","598 43rd St","Beverly Hills","Los Angeles","CA",90210,"310-820-2117","310-652-2379","louvenia.beech@beech.com","http://www.johnortizntstherapycenter.com""Audry","Yaw","Mike Uchrin Htg & Air Cond Inc","70295 Pioneer Ct","Brandon","Hillsborough","FL",33511,"813-797-4816","813-744-7100","audry.yaw@yaw.org","http://www.mikeuchrinhtgaircondinc.com""Kristel","Ehmann","Mccoy, Joy Reynolds Esq","92899 Kalakaua Ave","El Paso","El Paso","TX",79925,"915-452-1290","915-300-6100","kristel.ehmann@aol.com","http://www.mccoyjoyreynoldsesq.com""Vincenza","Zepp","Kbor 1600 Am","395 S 6th St #2","El Cajon","San Diego","CA",92020,"619-603-5125","619-935-6661","vzepp@gmail.com","http://www.kboram.com""Elouise","Gwalthney","Quality Inn Northwest","9506 Edgemore Ave","Bladensburg","Prince Georges","MD",20710,"301-841-5012","301-591-3034","egwalthney@yahoo.com","http://www.qualityinnnorthwest.com""Venita","Maillard","Wallace Church Assoc Inc","72119 S Walker Ave #63","Anaheim","Orange","CA",92801,"714-523-6653","714-663-9740","venita_maillard@gmail.com","http://www.wallacechurchassocinc.com""Kasandra","Semidey","Can Tron","369 Latham St #500","Saint Louis","Saint Louis City","MO",63102,"314-732-9131","314-697-3652","kasandra_semidey@semidey.com","http://www.cantron.com""Xochitl","Discipio","Ravaal Enterprises Inc","3158 Runamuck Pl","Round Rock","Williamson","TX",78664,"512-233-1831","512-942-3411","xdiscipio@gmail.com","http://www.ravaalenterprisesinc.com""Maile","Linahan","Thompson Steel Company Inc","9 Plainsboro Rd #598","Greensboro","Guilford","NC",27409,"336-670-2640","336-364-6037","mlinahan@yahoo.com","http://www.thompsonsteelcompanyinc.com""Krissy","Rauser","Anderson, Mark A Esq","8728 S Broad St","Coram","Suffolk","NY",11727,"631-443-4710","631-288-2866","krauser@cox.net","http://www.andersonmarkaesq.com""Pete","Dubaldi","Womack & Galich","2215 Prosperity Dr","Lyndhurst","Bergen","NJ","07071","201-825-2514","201-749-8866","pdubaldi@hotmail.com","http://www.womackgalich.com""Linn","Paa","Valerie & Company","1 S Pine St","Memphis","Shelby","TN",38112,"901-412-4381","901-573-9024","linn_paa@paa.com","http://www.valeriecompany.com""Paris","Wide","Gehring Pumps Inc","187 Market St","Atlanta","Fulton","GA",30342,"404-505-4445","404-607-8435","paris@hotmail.com","http://www.gehringpumpsinc.com""Wynell","Dorshorst","Haehnel, Craig W Esq","94290 S Buchanan St","Pacifica","San Mateo","CA",94044,"650-473-1262","650-749-9879","wynell_dorshorst@dorshorst.org","http://www.haehnelcraigwesq.com""Quentin","Birkner","Spoor Behrins Campbell & Young","7061 N 2nd St","Burnsville","Dakota","MN",55337,"952-702-7993","952-314-5871","qbirkner@aol.com","http://www.spoorbehrinscampbellyoung.com""Regenia","Kannady","Ken Jeter Store Equipment Inc","10759 Main St","Scottsdale","Maricopa","AZ",85260,"480-726-1280","480-205-5121","regenia.kannady@cox.net","http://www.kenjeterstoreequipmentinc.com""Sheron","Louissant","Potter, Brenda J Cpa","97 E 3rd St #9","Long Island City","Queens","NY",11101,"718-976-8610","718-613-9994","sheron@aol.com","http://www.potterbrendajcpa.com""Izetta","Funnell","Baird Kurtz & Dobson","82 Winsor St #54","Atlanta","Dekalb","GA",30340,"770-844-3447","770-584-4119","izetta.funnell@hotmail.com","http://www.bairdkurtzdobson.com""Rodolfo","Butzen","Minor, Cynthia A Esq","41 Steel Ct","Northfield","Rice","MN",55057,"507-210-3510","507-590-5237","rodolfo@hotmail.com","http://www.minorcynthiaaesq.com""Zona","Colla","Solove, Robert A Esq","49440 Dearborn St","Norwalk","Fairfield","CT","06854","203-461-1949","203-938-2557","zona@hotmail.com","http://www.soloverobertaesq.com""Serina","Zagen","Mark Ii Imports Inc","7 S Beverly Dr","Fort Wayne","Allen","IN",46802,"260-273-3725","260-382-4869","szagen@aol.com","http://www.markiiimportsinc.com""Paz","Sahagun","White Sign Div Ctrl Equip Co","919 Wall Blvd","Meridian","Lauderdale","MS",39307,"601-927-8287","601-249-4511","paz_sahagun@cox.net","http://www.whitesigndivctrlequipco.com""Markus","Lukasik","M & M Store Fixtures Co Inc","89 20th St E #779","Sterling Heights","Macomb","MI",48310,"586-970-7380","586-247-1614","markus@yahoo.com","http://www.mmstorefixturescoinc.com""Jaclyn","Bachman","Judah Caster & Wheel Co","721 Interstate 45 S","Colorado Springs","El Paso","CO",80919,"719-853-3600","719-223-2074","jaclyn@aol.com","http://www.judahcasterwheelco.com""Cyril","Daufeldt","Galaxy International Inc","3 Lawton St","New York","New York","NY",10013,"212-745-8484","212-422-5427","cyril_daufeldt@daufeldt.com","http://www.galaxyinternationalinc.com""Gayla","Schnitzler","Sigma Corp Of America","38 Pleasant Hill Rd","Hayward","Alameda","CA",94545,"510-686-3407","510-441-4055","gschnitzler@gmail.com","http://www.sigmacorpofamerica.com""Erick","Nievas","Soward, Anne Esq","45 E Acacia Ct","Chicago","Cook","IL",60624,"773-704-9903","773-359-6109","erick_nievas@aol.com","http://www.sowardanneesq.com""Jennie","Drymon","Osborne, Michelle M Esq","63728 Poway Rd #1","Scranton","Lackawanna","PA",18509,"570-218-4831","570-868-8688","jennie@cox.net","http://www.osbornemichellemesq.com""Mitsue","Scipione","Students In Free Entrprs Natl","77 222 Dr","Oroville","Butte","CA",95965,"530-986-9272","530-399-3254","mscipione@scipione.com","http://www.studentsinfreeentrprsnatl.com""Ciara","Ventura","Johnson, Robert M Esq","53 W Carey St","Port Jervis","Orange","NY",12771,"845-823-8877","845-694-7919","cventura@yahoo.com","http://www.johnsonrobertmesq.com""Galen","Cantres","Del Charro Apartments","617 Nw 36th Ave","Brook Park","Cuyahoga","OH",44142,"216-600-6111","216-871-6876","galen@yahoo.com","http://www.delcharroapartments.com""Truman","Feichtner","Legal Search Inc","539 Coldwater Canyon Ave","Bloomfield","Essex","NJ","07003","973-852-2736","973-473-5108","tfeichtner@yahoo.com","http://www.legalsearchinc.com""Gail","Kitty","Service Supply Co Inc","735 Crawford Dr","Anchorage","Anchorage","AK",99501,"907-435-9166","907-770-3542","gail@kitty.com","http://www.servicesupplycoinc.com""Dalene","Schoeneck","Sameshima, Douglas J Esq","910 Rahway Ave","Philadelphia","Philadelphia","PA",19102,"215-268-1275","215-380-8820","dalene@schoeneck.org","http://www.sameshimadouglasjesq.com""Gertude","Witten","Thompson, John Randolph Jr","7 Tarrytown Rd","Cincinnati","Hamilton","OH",45217,"513-977-7043","513-863-9471","gertude.witten@gmail.com","http://www.thompsonjohnrandolphjr.com""Lizbeth","Kohl","E T Balancing Co Inc","35433 Blake St #588","Gardena","Los Angeles","CA",90248,"310-699-1222","310-955-5788","lizbeth@yahoo.com","http://www.etbalancingcoinc.com""Glenn","Berray","Griswold, John E Esq","29 Cherry St #7073","Des Moines","Polk","IA",50315,"515-370-7348","515-372-1738","gberray@gmail.com","http://www.griswoldjohneesq.com""Lashandra","Klang","Acqua Group","810 N La Brea Ave","King of Prussia","Montgomery","PA",19406,"610-809-1818","610-378-7332","lashandra@yahoo.com","http://www.acquagroup.com""Lenna","Newville","Brooks, Morris J Jr","987 Main St","Raleigh","Wake","NC",27601,"919-623-2524","919-254-5987","lnewville@newville.com","http://www.brooksmorrisjjr.com""Laurel","Pagliuca","Printing Images Corp","36 Enterprise St Se","Richland","Benton","WA",99352,"509-695-5199","509-595-6485","laurel@yahoo.com","http://www.printingimagescorp.com""Mireya","Frerking","Roberts Supply Co Inc","8429 Miller Rd","Pelham","Westchester","NY",10803,"914-868-5965","914-883-3061","mireya.frerking@hotmail.com","http://www.robertssupplycoinc.com""Annelle","Tagala","Vico Products Mfg Co","5 W 7th St","Parkville","Baltimore","MD",21234,"410-757-1035","410-234-2267","annelle@yahoo.com","http://www.vicoproductsmfgco.com""Dean","Ketelsen","J M Custom Design Millwork","2 Flynn Rd","Hicksville","Nassau","NY",11801,"516-847-4418","516-732-6649","dean_ketelsen@gmail.com","http://www.jmcustomdesignmillwork.com""Levi","Munis","Farrell & Johnson Office Equip","2094 Ne 36th Ave","Worcester","Worcester","MA","01603","508-456-4907","508-658-7802","levi.munis@gmail.com","http://www.farrelljohnsonofficeequip.com""Sylvie","Ryser","Millers Market & Deli","649 Tulane Ave","Tulsa","Tulsa","OK",74105,"918-644-9555","918-565-1706","sylvie@aol.com","http://www.millersmarketdeli.com""Sharee","Maile","Holiday Inn Naperville","2094 Montour Blvd","Muskegon","Muskegon","MI",49442,"231-467-9978","231-