65-5781","817-577-6151","barrett.toyama@toyama.org","http://www.casefoundationco.com""Helga","Fredicks","Eis Environmental Engrs Inc","42754 S Ash Ave","Buffalo","Erie","NY",14228,"716-752-4114","716-854-9845","helga_fredicks@yahoo.com","http://www.eisenvironmentalengrsinc.com""Ashlyn","Pinilla","Art Crafters","703 Beville Rd","Opa Locka","Miami-Dade","FL",33054,"305-670-9628","305-857-5489","apinilla@cox.net","http://www.artcrafters.com""Fausto","Agramonte","Marriott Hotels Resorts Suites","5 Harrison Rd","New York","New York","NY",10038,"212-313-1783","212-778-3063","fausto_agramonte@yahoo.com","http://www.marriotthotelsresortssuites.com""Ronny","Caiafa","Remaco Inc","73 Southern Blvd","Philadelphia","Philadelphia","PA",19103,"215-605-7570","215-511-3531","ronny.caiafa@caiafa.org","http://www.remacoinc.com""Marge","Limmel","Bjork, Robert D Jr","189 Village Park Rd","Crestview","Okaloosa","FL",32536,"850-430-1663","850-330-8079","marge@gmail.com","http://www.bjorkrobertdjr.com""Norah","Waymire","Carmichael, Jeffery L Esq","6 Middlegate Rd #106","San Francisco","San Francisco","CA",94107,"415-306-7897","415-874-2984","norah.waymire@gmail.com","http://www.carmichaeljefferylesq.com""Aliza","Baltimore","Andrews, J Robert Esq","1128 Delaware St","San Jose","Santa Clara","CA",95132,"408-504-3552","408-425-1994","aliza@aol.com","http://www.andrewsjrobertesq.com""Mozell","Pelkowski","Winship & Byrne","577 Parade St","South San Francisco","San Mateo","CA",94080,"650-947-1215","650-960-1069","mpelkowski@pelkowski.org","http://www.winshipbyrne.com""Viola","Bitsuie","Burton & Davis","70 Mechanic St","Northridge","Los Angeles","CA",91325,"818-864-4875","818-481-5787","viola@gmail.com","http://www.burtondavis.com""Franklyn","Emard","Olympic Graphic Arts","4379 Highway 116","Philadelphia","Philadelphia","PA",19103,"215-558-8189","215-483-3003","femard@emard.com","http://www.olympicgraphicarts.com""Willodean","Konopacki","Magnuson","55 Hawthorne Blvd","Lafayette","Lafayette","LA",70506,"337-253-8384","337-774-7564","willodean_konopacki@konopacki.org","http://www.magnuson.com""Beckie","Silvestrini","A All American Travel Inc","7116 Western Ave","Dearborn","Wayne","MI",48126,"313-533-4884","313-390-7855","beckie.silvestrini@silvestrini.com","http://www.aallamericantravelinc.com""Rebecka","Gesick","Polykote Inc","2026 N Plankinton Ave #3","Austin","Travis","TX",78754,"512-213-8574","512-693-8345","rgesick@gesick.org","http://www.polykoteinc.com""Frederica","Blunk","Jets Cybernetics","99586 Main St","Dallas","Dallas","TX",75207,"214-428-2285","214-529-1949","frederica_blunk@gmail.com","http://www.jetscybernetics.com""Glen","Bartolet","Metlab Testing Services","8739 Hudson St","Vashon","King","WA",98070,"206-697-5796","206-389-1482","glen_bartolet@hotmail.com","http://www.metlabtestingservices.com""Freeman","Gochal","Kellermann, William T Esq","383 Gunderman Rd #197","Coatesville","Chester","PA",19320,"610-476-3501","610-752-2683","freeman_gochal@aol.com","http://www.kellermannwilliamtesq.com""Vincent","Meinerding","Arturi, Peter D Esq","4441 Point Term Mkt","Philadelphia","Philadelphia","PA",19143,"215-372-1718","215-829-4221","vincent.meinerding@hotmail.com","http://www.arturipeterdesq.com""Rima","Bevelacqua","Mcauley Mfg Co","2972 Lafayette Ave","Gardena","Los Angeles","CA",90248,"310-858-5079","310-499-4200","rima@cox.net","http://www.mcauleymfgco.com""Glendora","Sarbacher","Defur Voran Hanley Radcliff","2140 Diamond Blvd","Rohnert Park","Sonoma","CA",94928,"707-653-8214","707-881-3154","gsarbacher@gmail.com","http://www.defurvoranhanleyradcliff.com""Avery","Steier","Dill Dill Carr & Stonbraker Pc","93 Redmond Rd #492","Orlando","Orange","FL",32803,"407-808-9439","407-945-8566","avery@cox.net","http://www.dilldillcarrstonbrakerpc.com""Cristy","Lother","Kleensteel","3989 Portage Tr","Escondido","San Diego","CA",92025,"760-971-4322","760-465-4762","cristy@lother.com","http://www.kleensteel.com""Nicolette","Brossart","Goulds Pumps Inc Slurry Pump","1 Midway Rd","Westborough","Worcester","MA","01581","508-837-9230","508-504-6388","nicolette_brossart@brossart.com","http://www.gouldspumpsincslurrypump.com""Tracey","Modzelewski","Kansas City Insurance Report","77132 Coon Rapids Blvd Nw","Conroe","Montgomery","TX",77301,"936-264-9294","936-988-8171","tracey@hotmail.com","http://www.kansascityinsurancereport.com""Virgina","Tegarden","Berhanu International Foods","755 Harbor Way","Milwaukee","Milwaukee","WI",53226,"414-214-8697","414-411-5744","virgina_tegarden@tegarden.com","http://www.berhanuinternationalfoods.com""Tiera","Frankel","Roland Ashcroft","87 Sierra Rd","El Monte","Los Angeles","CA",91731,"626-636-4117","626-638-4241","tfrankel@aol.com","http://www.rolandashcroft.com""Alaine","Bergesen","Hispanic Magazine","7667 S Hulen St #42","Yonkers","Westchester","NY",10701,"914-300-9193","914-654-1426","alaine_bergesen@cox.net","http://www.hispanicmagazine.com""Earleen","Mai","Little Sheet Metal Co","75684 S Withlapopka Dr #32","Dallas","Dallas","TX",75227,"214-289-1973","214-785-6750","earleen_mai@cox.net","http://www.littlesheetmetalco.com""Leonida","Gobern","Holmes, Armstead J Esq","5 Elmwood Park Blvd","Biloxi","Harrison","MS",39530,"228-235-5615","228-432-4635","leonida@gobern.org","http://www.holmesarmsteadjesq.com""Ressie","Auffrey","Faw, James C Cpa","23 Palo Alto Sq","Miami","Miami-Dade","FL",33134,"305-604-8981","305-287-4743","ressie.auffrey@yahoo.com","http://www.fawjamesccpa.com""Justine","Mugnolo","Evans Rule Company","38062 E Main St","New York","New York","NY",10048,"212-304-9225","212-311-6377","jmugnolo@yahoo.com","http://www.evansrulecompany.com""Eladia","Saulter","Tyee Productions Inc","3958 S Dupont Hwy #7","Ramsey","Bergen","NJ","07446","201-474-4924","201-365-8698","eladia@saulter.com","http://www.tyeeproductionsinc.com""Chaya","Malvin","Dunnells & Duvall","560 Civic Center Dr","Ann Arbor","Washtenaw","MI",48103,"734-928-5182","734-408-8174","chaya@malvin.com","http://www.dunnellsduvall.com""Gwenn","Suffield","Deltam Systems Inc","3270 Dequindre Rd","Deer Park","Suffolk","NY",11729,"631-258-6558","631-295-9879","gwenn_suffield@suffield.org","http://www.deltamsystemsinc.com""Salena","Karpel","Hammill Mfg Co","1 Garfield Ave #7","Canton","Stark","OH",44707,"330-791-8557","330-618-2579","skarpel@cox.net","http://www.hammillmfgco.com""Yoko","Fishburne","Sams Corner Store","9122 Carpenter Ave","New Haven","New Haven","CT","06511","203-506-4706","203-840-8634","yoko@fishburne.com","http://www.samscornerstore.com""Taryn","Moyd","Siskin, Mark J Esq","48 Lenox St","Fairfax","Fairfax City","VA",22030,"703-322-4041","703-938-7939","taryn.moyd@hotmail.com","http://www.siskinmarkjesq.com""Katina","Polidori","Cape & Associates Real Estate","5 Little River Tpke","Wilmington","Middlesex","MA","01887","978-626-2978","978-679-7429","katina_polidori@aol.com","http://www.capeassociatesrealestate.com""Rickie","Plumer","Merrill Lynch","3 N Groesbeck Hwy","Toledo","Lucas","OH",43613,"419-693-1334","419-313-5571","rickie.plumer@aol.com","http://www.merrilllynch.com""Alex","Loader","Sublett, Scott Esq","37 N Elm St #916","Tacoma","Pierce","WA",98409,"253-660-7821","253-875-9222","alex@loader.com","http://www.sublettscottesq.com""Lashon","Vizarro","Sentry Signs","433 Westminster Blvd #590","Roseville","Placer","CA",95661,"916-741-7884","916-289-4526","lashon@aol.com","http://www.sentrysigns.com""Lauran","Burnard","Professionals Unlimited","66697 Park Pl #3224","Riverton","Fremont","WY",82501,"307-342-7795","307-453-7589","lburnard@burnard.com","http://www.professionalsunlimited.com""Ceola","Setter","Southern Steel Shelving Co","96263 Greenwood Pl","Warren","Knox","ME","04864","207-627-7565","207-297-5029","ceola.setter@setter.org","http://www.southernsteelshelvingco.com""My","Rantanen","Bosco, Paul J","8 Mcarthur Ln","Richboro","Bucks","PA",18954,"215-491-5633","215-647-2158","my@hotmail.com","http://www.boscopaulj.com""Lorrine","Worlds","Longo, Nicholas J Esq","8 Fair Lawn Ave","Tampa","Hillsborough","FL",33614,"813-769-2939","813-863-6467","lorrine.worlds@worlds.com","http://www.longonicholasjesq.com""Peggie","Sturiale","Henry County Middle School","9 N 14th St","El Cajon","San Diego","CA",92020,"619-608-1763","619-695-8086","peggie@cox.net","http://www.henrycountymiddleschool.com""Marvel","Raymo","Edison Supply & Equipment Co","9 Vanowen St","College Station","Brazos","TX",77840,"979-718-8968","979-809-5770","mraymo@yahoo.com","http://www.edisonsupplyequipmentco.com""Daron","Dinos","Wolf, Warren R Esq","18 Waterloo Geneva Rd","Highland Park","Lake","IL",60035,"847-233-3075","847-265-6609","daron_dinos@cox.net","http://www.wolfwarrenresq.com""An","Fritz","Linguistic Systems Inc","506 S Hacienda Dr","Atlantic City","Atlantic","NJ","08401","609-228-5265","609-854-7156","an_fritz@hotmail.com","http://www.linguisticsystemsinc.com""Portia","Stimmel","Peace Christian Center","3732 Sherman Ave","Bridgewater","Somerset","NJ","08807","908-722-7128","908-670-4712","portia.stimmel@aol.com","http://www.peacechristiancenter.com""Rhea","Aredondo","Double B Foods Inc","25657 Live Oak St","Brooklyn","Kings","NY",11226,"718-560-9537","718-280-4183","rhea_aredondo@cox.net","http://www.doublebfoodsinc.com""Benedict","Sama","Alexander & Alexander Inc","4923 Carey Ave","Saint Louis","Saint Louis City","MO",63104,"314-787-1588","314-858-4832","bsama@cox.net","http://www.alexanderalexanderinc.com""Alyce","Arias","Fairbanks Scales","3196 S Rider Trl","Stockton","San Joaquin","CA",95207,"209-317-1801","209-242-7022","alyce@arias.org","http://www.fairbanksscales.com""Heike","Berganza","Cali Sportswear Cutting Dept","3 Railway Ave #75","Little Falls","Passaic","NJ","07424","973-936-5095","973-822-8827","heike@gmail.com","http://www.calisportswearcuttingdept.com""Carey","Dopico","Garofani, John Esq","87393 E Highland Rd","Indianapolis","Marion","IN",46220,"317-578-2453","317-441-5848","carey_dopico@dopico.org","http://www.garofanijohnesq.com""Dottie","Hellickson","Thompson Fabricating Co","67 E Chestnut Hill Rd","Seattle","King","WA",98133,"206-540-6076","206-295-5631","dottie@hellickson.org","http://www.thompsonfabricatingco.com""Deandrea","Hughey","Century 21 Krall Real Estate","33 Lewis Rd #46","Burlington","Alamance","NC",27215,"336-822-7652","336-467-3095","deandrea@yahoo.com","http://www.centurykrallrealestate.com""Kimberlie","Duenas","Mid Contntl Rlty & Prop Mgmt","8100 Jacksonville Rd #7","Hays","Ellis","KS",67601,"785-629-8542","785-616-1685","kimberlie_duenas@yahoo.com","http://www.midcontntlrltypropmgmt.com""Martina","Staback","Ace Signs Inc","7 W Wabansia Ave #227","Orlando","Orange","FL",32822,"407-471-6908","407-429-2145","martina_staback@staback.com","http://www.acesignsinc.com""Skye","Fillingim","Rodeway Inn","25 Minters Chapel Rd #9","Minneapolis","Hennepin","MN",55401,"612-508-2655","612-664-6304","skye_fillingim@yahoo.com","http://www.rodewayinn.com""Jade","Farrar","Bonnet & Daughter","6882 Torresdale Ave","Columbia","Richland","SC",29201,"803-352-5387","803-975-3405","jade.farrar@yahoo.com","http://www.bonnetdaughter.com""Charlene","Hamilton","Oshins & Gibbons","985 E 6th Ave","Santa Rosa","Sonoma","CA",95407,"707-300-1771","707-821-8037","charlene.hamilton@hotmail.com","http://www.oshinsgibbons.com""Geoffrey","Acey","Price Business Services","7 West Ave #1","Palatine","Cook","IL",60067,"847-222-1734","847-556-2909","geoffrey@gmail.com","http://www.pricebusinessservices.com""Stevie","Westerbeck","Wise, Dennis W Md","26659 N 13th St","Costa Mesa","Orange","CA",92626,"949-867-4077","949-903-3898","stevie.westerbeck@yahoo.com","http://www.wisedenniswmd.com""Pamella","Fortino","Super 8 Motel","669 Packerland Dr #1438","Denver","Denver","CO",80212,"303-404-2210","303-794-1341","pamella@fortino.com","http://www.supermotel.com""Harrison","Haufler","John Wagner Associates","759 Eldora St","New Haven","New Haven","CT","06515","203-801-6193","203-801-8497","hhaufler@hotmail.com","http://www.johnwagnerassociates.com""Johnna","Engelberg","Thrifty Oil Co","5 S Colorado Blvd #449","Bothell","Snohomish","WA",98021,"425-986-7573","425-700-3751","jengelberg@engelberg.org","http://www.thriftyoilco.com""Buddy","Cloney","Larkfield Photo","944 Gaither Dr","Strongsville","Cuyahoga","OH",44136,"440-989-5826","440-327-2093","buddy.cloney@yahoo.com","http://www.larkfieldphoto.com""Dalene","Riden","Silverman Planetarium","66552 Malone Rd","Plaistow","Rockingham","NH","03865","603-315-6839","603-745-7497","dalene.riden@aol.com","http://www.silvermanplanetarium.com""Jerry","Zurcher","J & F Lumber","77 Massillon Rd #822","Satellite Beach","Brevard","FL",32937,"321-518-5938","321-597-2159","jzurcher@zurcher.org","http://www.jflumber.com""Haydee","Denooyer","Cleaning Station Inc","25346 New Rd","New York","New York","NY",10016,"212-792-8658","212-782-3493","hdenooyer@denooyer.org","http://www.cleaningstationinc.com""Joseph","Cryer","Ames Stationers","60 Fillmore Ave","Huntington Beach","Orange","CA",92647,"714-584-2237","714-698-2170","joseph_cryer@cox.net","http://www.amesstationers.com""Deonna","Kippley","Midas Muffler Shops","57 Haven Ave #90","Southfield","Oakland","MI",48075,"248-913-4677","248-793-4966","deonna_kippley@hotmail.com","http://www.midasmufflershops.com""Raymon","Calvaresi","Seaboard Securities Inc","6538 E Pomona St #60","Indianapolis","Marion","IN",46222,"317-825-4724","317-342-1532","raymon.calvaresi@gmail.com","http://www.seaboardsecuritiesinc.com""Alecia","Bubash","Petersen, James E Esq","6535 Joyce St","Wichita Falls","Wichita","TX",76301,"940-276-7922","940-302-3036","alecia@aol.com","http://www.petersenjameseesq.com""Ma","Layous","Development Authority","78112 Morris Ave","North Haven","New Haven","CT","06473","203-721-3388","203-564-1543","mlayous@hotmail.com","http://www.developmentauthority.com""Detra","Coyier","Schott Fiber Optics Inc","96950 Hidden Ln","Aberdeen","Harford","MD",21001,"410-739-9277","410-259-2118","detra@aol.com","http://www.schottfiberopticsinc.com""Terrilyn","Rodeigues","Stuart J Agins","3718 S Main St","New Orleans","Orleans","LA",70130,"504-463-4384","504-635-8518","terrilyn.rodeigues@cox.net","http://www.stuartjagins.com""Salome","Lacovara","Mitsumi Electronics Corp","9677 Commerce Dr","Richmond","Richmond City","VA",23219,"804-550-5097","804-858-1011","slacovara@gmail.com","http://www.mitsumielectronicscorp.com""Garry","Keetch","Italian Express Franchise Corp","5 Green Pond Rd #4","Southampton","Bucks","PA",18966,"215-979-8776","215-846-9046","garry_keetch@hotmail.com","http://www.italianexpressfranchisecorp.com""Matthew","Neither","American Council On Sci & Hlth","636 Commerce Dr #42","Shakopee","Scott","MN",55379,"952-651-7597","952-906-4597","mneither@yahoo.com","http://www.americancouncilonscihlth.com""Theodora","Restrepo","Kleri, Patricia S Esq","42744 Hamann Industrial Pky #82","Miami","Miami-Dade","FL",33136,"305-936-8226","305-573-1085","theodora.restrepo@restrepo.com","http://www.kleripatriciasesq.com""Noah","Kalafatis","Twiggs Abrams Blanchard","1950 5th Ave","Milwaukee","Milwaukee","WI",53209,"414-263-5287","414-660-9766","noah.kalafatis@aol.com","http://www.twiggsabramsblanchard.com""Carmen","Sweigard","Maui Research & Technology Pk","61304 N French Rd","Somerset","Somerset","NJ","08873","732-941-2621","732-445-6940","csweigard@sweigard.com","http://www.mauiresearchtechnologypk.com""Lavonda","Hengel","Bradley Nameplate Corp","87 Imperial Ct #79","Fargo","Cass","ND",58102,"701-898-2154","701-421-7080","lavonda@cox.net","http://www.bradleynameplatecorp.com""Junita","Stoltzman","Geonex Martel Inc","94 W Dodge Rd","Carson City","Carson City","NV",89701,"775-638-9963","775-578-1214","junita@aol.com","http://www.geonexmartelinc.com""Herminia","Nicolozakes","Sea Island Div Of Fstr Ind Inc","4 58th St #3519","Scottsdale","Maricopa","AZ",85254,"602-954-5141","602-304-6433","herminia@nicolozakes.org","http://www.seaislanddivoffstrindinc.com""Casie","Good","Papay, Debbie J Esq","5221 Bear Valley Rd","Nashville","Davidson","TN",37211,"615-390-2251","615-825-4297","casie.good@aol.com","http://www.papaydebbiejesq.com""Reena","Maisto","Lane Promotions","9648 S Main","Salisbury","Wicomico","MD",21801,"410-351-1863","410-951-2667","reena@hotmail.com","http://www.lanepromotions.com""Mirta","Mallett","Stephen Kennerly Archts Inc Pc","7 S San Marcos Rd","New York","New York","NY",10004,"212-870-1286","212-745-6948","mirta_mallett@gmail.com","http://www.stephenkennerlyarchtsincpc.com""Cathrine","Pontoriero","Business Systems Of Wis Inc","812 S Haven St","Amarillo","Randall","TX",79109,"806-703-1435","806-558-5848","cathrine.pontoriero@pontoriero.com","http://www.businesssystemsofwisinc.com""Filiberto","Tawil","Flash, Elena Salerno Esq","3882 W Congress St #799","Los Angeles","Los Angeles","CA",90016,"323-765-2528","323-842-8226","ftawil@hotmail.com","http://www.flashelenasalernoesq.com""Raul","Upthegrove","Neeley, Gregory W Esq","4 E Colonial Dr","La Mesa","San Diego","CA",91942,"619-509-5282","619-666-4765","rupthegrove@yahoo.com","http://www.neeleygregorywesq.com""Sarah","Candlish","Alabama Educational Tv Comm","45 2nd Ave #9759","Atlanta","Fulton","GA",30328,"770-732-1194","770-531-2842","sarah.candlish@gmail.com","http://www.alabamaeducationaltvcomm.com""Lucy","Treston","Franz Inc","57254 Brickell Ave #372","Worcester","Worcester","MA","01602","508-769-5250","508-502-5634","lucy@cox.net","http://www.franzinc.com""Judy","Aquas","Plantation Restaurant","8977 Connecticut Ave Nw #3","Niles","Berrien","MI",49120,"269-756-7222","269-431-9464","jaquas@aquas.com","http://www.plantationrestaurant.com""Yvonne","Tjepkema","Radio Communications Co","9 Waydell St","Fairfield","Essex","NJ","07004","973-714-1721","973-976-8627","yvonne.tjepkema@hotmail.com","http://www.radiocommunicationsco.com""Kayleigh","Lace","Dentalaw Divsn Hlth Care","43 Huey P Long Ave","Lafayette","Lafayette","LA",70508,"337-740-9323","337-751-2326","kayleigh.lace@yahoo.com","http://www.dentalawdivsnhlthcare.com""Felix","Hirpara","American Speedy Printing Ctrs","7563 Cornwall Rd #4462","Denver","Lancaster","PA",17517,"717-491-5643","717-583-1497","felix_hirpara@cox.net","http://www.americanspeedyprintingctrs.com""Tresa","Sweely","Grayson, Grant S Esq","22 Bridle Ln","Valley Park","Saint Louis","MO",63088,"314-359-9566","314-231-3514","tresa_sweely@hotmail.com","http: