"first_name","last_name","company_name","address","city","state","post","phone1","phone2","email","web""Rebbecca","Didio","Brandt, Jonathan F Esq","171 E 24th St","Leith","TAS",7315,"03-8174-9123","0458-665-290","rebbecca.didio@didio.com.au","http://www.brandtjonathanfesq.com.au""Stevie","Hallo","Landrum Temporary Services","22222 Acoma St","Proston","QLD",4613,"07-9997-3366","0497-622-620","stevie.hallo@hotmail.com","http://www.landrumtemporaryservices.com.au""Mariko","Stayer","Inabinet, Macre Esq","534 Schoenborn St #51","Hamel","WA",6215,"08-5558-9019","0427-885-282","mariko_stayer@hotmail.com","http://www.inabinetmacreesq.com.au""Gerardo","Woodka","Morris Downing & Sherred","69206 Jackson Ave","Talmalmo","NSW",2640,"02-6044-4682","0443-795-912","gerardo_woodka@hotmail.com","http://www.morrisdowningsherred.com.au""Mayra","Bena","Buelt, David L Esq","808 Glen Cove Ave","Lane Cove","NSW",1595,"02-1455-6085","0453-666-885","mayra.bena@gmail.com","http://www.bueltdavidlesq.com.au""Idella","Scotland","Artesian Ice & Cold Storage Co","373 Lafayette St","Cartmeticup","WA",6316,"08-7868-1355","0451-966-921","idella@hotmail.com","http://www.artesianicecoldstorageco.com.au""Sherill","Klar","Midway Hotel","87 Sylvan Ave","Nyamup","WA",6258,"08-6522-8931","0427-991-688","sklar@hotmail.com","http://www.midwayhotel.com.au""Ena","Desjardiws","Selsor, Robert J Esq","60562 Ky Rt 321","Bendick Murrell","NSW",2803,"02-5226-9402","0415-961-606","ena_desjardiws@desjardiws.com.au","http://www.selsorrobertjesq.com.au""Vince","Siena","Vincent J Petti & Co","70 S 18th Pl","Purrawunda","QLD",4356,"07-3184-9989","0411-732-965","vince_siena@yahoo.com","http://www.vincentjpettico.com.au""Theron","Jarding","Prentiss, Paul F Esq","8839 Ventura Blvd","Blanchetown","SA",5357,"08-6890-4661","0461-862-457","tjarding@hotmail.com","http://www.prentisspaulfesq.com.au""Amira","Chudej","Public Works Department","3684 N Wacker Dr","Rockside","QLD",4343,"07-8135-3271","0478-867-289","amira.chudej@chudej.net.au","http://www.publicworksdepartment.com.au""Marica","Tarbor","Prudential Lighting Corp","68828 S 32nd St #6","Rosegarland","TAS",7140,"03-1174-6817","0494-982-617","marica.tarbor@hotmail.com","http://www.prudentiallightingcorp.com.au""Shawna","Albrough","Wood, J Scott Esq","43157 Cypress St","Ringwood","QLD",4343,"07-7977-6039","0441-255-802","shawna.albrough@albrough.com.au","http://www.woodjscottesq.com.au""Paulina","Maker","Swanson Peterson Fnrl Home Inc","6 S Hanover Ave","Maylands","WA",6931,"08-8344-8929","0420-123-282","paulina_maker@maker.net.au","http://www.swansonpetersonfnrlhomeinc.com.au""Rose","Jebb","Old Cider Mill Grove","27916 Tarrytown Rd","Wooloowin","QLD",4030,"07-4941-9471","0496-441-929","rose@jebb.net.au","http://www.oldcidermillgrove.com.au""Reita","Tabar","Cooper Myers Y Co","79620 Timber Dr","Arthurville","NSW",2820,"02-3518-7078","0431-669-863","rtabar@hotmail.com","http://www.coopermyersyco.com.au""Maybelle","Bewley","Angelo International","387 Airway Cir #62","Mapleton","QLD",4560,"07-9387-7293","0448-221-640","mbewley@yahoo.com","http://www.angelointernational.com.au""Camellia","Pylant","Blackley, William J Pa","570 W Pine St","Tuggerawong","NSW",2259,"02-5171-4345","0423-446-913","camellia_pylant@gmail.com","http://www.blackleywilliamjpa.com.au""Roy","Nybo","Phoenix Phototype","823 Fishers Ln","Red Hill","ACT",2603,"02-5311-7778","0416-394-795","rnybo@nybo.net.au","http://www.phoenixphototype.com.au""Albert","Sonier","Quartzite Processing Inc","4 Brookcrest Dr #7786","Inverlaw","QLD",4610,"07-9354-2612","0420-575-355","albert.sonier@gmail.com","http://www.quartziteprocessinginc.com.au""Hayley","Taghon","Biltmore Textile Co Inc","72 Wyoming Ave","Eugowra","NSW",2806,"02-1638-4380","0491-976-291","htaghon@taghon.net.au","http://www.biltmoretextilecoinc.com.au""Norah","Daleo","Gateway Refrigeration","754 Sammis Ave","Kotara Fair","NSW",2289,"02-5322-6127","0462-327-613","ndaleo@daleo.net.au","http://www.gatewayrefrigeration.com.au""Rosina","Sidhu","Anchorage Yamaha","660 N Green St","Burpengary","QLD",4505,"07-6460-4488","0458-753-924","rosina_sidhu@gmail.com","http://www.anchorageyamaha.com.au""Royal","Costeira","Wynns Precision Inc Az Div","970 Waterloo Rd","Ellis Beach","QLD",4879,"07-5338-6357","0480-443-612","royal_costeira@costeira.com.au","http://www.wynnsprecisionincazdiv.com.au""Barrie","Nicley","Paragon Cable Tv","4129 Abbott Dr","Fish Creek","VIC",3959,"03-6443-2786","0455-270-505","bnicley@nicley.com.au","http://www.paragoncabletv.com.au""Linsey","Gedman","Eagle Computer Services Inc","1529 Prince Rodgers Ave","Kennedy","QLD",4816,"07-4785-3781","0433-965-131","lgedman@gedman.net.au","http://www.eaglecomputerservicesinc.com.au""Laura","Bourbonnais","Kansas Association Ins Agtts","2 N Valley Mills Dr","Cape Portland","TAS",7264,"03-6543-6688","0491-455-112","laura.bourbonnais@yahoo.com","http://www.kansasassociationinsagtts.com.au""Fanny","Stoneking","Di Giacomo, Richard F Esq","50968 Kurtz St #45","Warra","QLD",4411,"07-3721-9123","0465-778-983","fstoneking@hotmail.com","http://www.digiacomorichardfesq.com.au""Kristian","Ellerbusch","Butler, Frank B Esq","71585 S Ayon Ave #9","Wanguri","NT","0810","08-2748-1250","0442-982-316","kristian@yahoo.com","http://www.butlerfrankbesq.com.au""Gwen","Julye","Alphagraphics Printshops","8 Old County Rd #3","Alvie","VIC",3249,"03-7063-6734","0465-547-766","gjulye@hotmail.com","http://www.alphagraphicsprintshops.com.au""Ben","Majorga","Voyager Travel Service","13904 S 35th St","Wherrol Flat","NSW",2429,"02-8171-9051","0462-648-621","ben.majorga@hotmail.com","http://www.voyagertravelservice.com.au""Trina","Oto","N Amer Plast & Chemls Co Inc","6149 Kapiolani Blvd #6","Placid Hills","QLD",4343,"07-1153-8567","0460-377-727","trina@oto.com.au","http://www.namerplastchemlscoinc.com.au""Emelda","Geffers","D L Downing General Contr Inc","95431 34th Ave #62","Nedlands","WA",6909,"08-7097-3947","0454-643-433","emelda.geffers@gmail.com","http://www.dldowninggeneralcontrinc.com.au""Zana","Ploszaj","Community Insurance Agy Inc","25 Swift Ave","Auchenflower","QLD",4066,"07-7991-8880","0430-656-502","zana_ploszaj@ploszaj.net.au","http://www.communityinsuranceagyinc.com.au""Shaun","Rael","House Of Ing","14304 Old Alexandria Ferry Rd","Buninyong","VIC",3357,"03-8998-5485","0498-627-281","shaun.rael@rael.com.au","http://www.houseofing.com.au""Oren","Lobosco","Vei Inc","1585 Salem Church Rd #59","Dangar Island","NSW",2083,"02-5046-1307","0495-838-492","olobosco@hotmail.com","http://www.veiinc.com.au""Catherin","Aguele","Hanna, Robert J Esq","75962 E Drinker St","Sunny Nook","QLD",4605,"07-6476-1399","0444-150-950","caguele@gmail.com","http://www.hannarobertjesq.com.au""Pearlene","Boudrie","Design Rite Homes Inc","8978 W Henrietta Rd","Minden","QLD",4311,"07-4463-7223","0462-627-260","pboudrie@boudrie.net.au","http://www.designritehomesinc.com.au""Kathryn","Bonalumi","State Library","86 Worth St #272","Tibradden","WA",6532,"08-3071-2258","0455-699-311","kathryn.bonalumi@yahoo.com","http://www.statelibrary.com.au""Suzan","Landa","Vista Grande Baptist Church","15 Campville Rd #191","Clermont","QLD",4721,"07-1576-1412","0471-251-939","suzan.landa@gmail.com","http://www.vistagrandebaptistchurch.com.au""Sommer","Agar","Poole Publications Inc","3 N Ridge Ave","Kadina","SA",5554,"08-9130-3372","0486-599-199","sagar@agar.net.au","http://www.poolepublicationsinc.com.au""Keena","Rebich","Affilated Consulting Group Inc","3713 Poway Rd","Sawtell","NSW",2452,"02-4972-3570","0468-708-802","krebich@rebich.net.au","http://www.affilatedconsultinggroupinc.com.au""Rupert","Hinkson","Northwestern Mutual Life Ins","1 E 17th St","East Gosford","NSW",2250,"02-7160-2066","0489-430-358","rupert_hinkson@hinkson.net.au","http://www.northwesternmutuallifeins.com.au""Aleta","Poarch","Barrett Burke Wilson Castl","5 Liberty Ave","Fosterville","VIC",3557,"03-2691-1298","0419-138-629","apoarch@gmail.com","http://www.barrettburkewilsoncastl.com.au""Jamal","Korczynski","Helricks Inc","404 Broxton Ave","Bateau Bay","NSW",2261,"02-3877-9654","0427-970-674","jamal_korczynski@gmail.com","http://www.helricksinc.com.au""Luz","Broccoli","Wynn, Mary Ellen Esq","4 S Main St #285","Glenmoral","QLD",4719,"07-2679-1774","0416-525-908","luz_broccoli@hotmail.com","http://www.wynnmaryellenesq.com.au""Janessa","Ruthers","Mackraft Signs","1255 W Passaic St #1553","Bolivia","NSW",2372,"02-2367-6845","0410-358-989","janessa@yahoo.com","http://www.mackraftsigns.com.au""Lavonne","Esco","Ansaring Answering Service","377 Excalibur Dr","East Melbourne","VIC",3002,"03-3474-2120","0444-359-546","lavonne.esco@yahoo.com","http://www.ansaringansweringservice.com.au""Honey","Lymaster","Joiner & Goudeau Law Offices","7 Wilshire Blvd","Taringa","QLD",4068,"07-8087-2603","0411-717-109","honey_lymaster@lymaster.net.au","http://www.joinergoudeaulawoffices.com.au""Jean","Cecchinato","Cox, J Thomas Jr","7 Hugh Wallis Rd","Koolan Island","WA",6733,"08-5263-2786","0448-530-536","jean.cecchinato@gmail.com","http://www.coxjthomasjr.com.au""Katlyn","Flitcroft","Bill, Michael M","7177 E 14th St","Maleny","QLD",4552,"07-1778-9968","0465-519-356","kflitcroft@hotmail.com","http://www.billmichaelm.com.au""Cassie","Soros","A B C Tank Co","67765 W 11th St","Yelverton","WA",6280,"08-2666-6390","0423-281-356","csoros@gmail.com","http://www.abctankco.com.au""Rolf","Gene","Jolley, Mark A Cpa","99968 Merced St #79","Flinders","NSW",2529,"02-4458-2810","0482-882-653","rolf_gene@gene.com.au","http://www.jolleymarkacpa.com.au""Darnell","Moothart","Melco Embroidery Systems","40 E 19th Ave","Empire Bay","NSW",2257,"02-3996-9188","0419-656-117","darnell_moothart@yahoo.com","http://www.melcoembroiderysystems.com.au""Cherilyn","Fraize","Witchs Brew","84826 Plaza Dr","Rose Bay North","NSW",2030,"02-4873-1914","0468-743-337","cherilyn_fraize@fraize.net.au","http://www.witchsbrew.com.au""Lynda","Lazzaro","Funding Equity Corp","20214 W Main St","Macks Creek","VIC",3971,"03-4933-4205","0472-315-303","lynda.lazzaro@gmail.com","http://www.fundingequitycorp.com.au""Leigha","Capelli","Saturn Of Delray","8039 Howard Ave","East Toowoomba","QLD",4350,"07-4823-9785","0432-580-634","leigha.capelli@capelli.com.au","http://www.saturnofdelray.com.au""Delfina","Binnie","Motel 6","8 Austin Bluffs Pky","Bimbijy","WA",6472,"08-3692-5784","0460-951-322","delfina_binnie@binnie.net.au","http://www.motel.com.au""Carlota","Gephardt","Ultimate In Womens Apparel The","96605 Pioneer Rd","Kundabung","NSW",2441,"02-5078-4389","0415-230-654","carlota.gephardt@gephardt.com.au","http://www.ultimateinwomensapparelthe.com.au""Alida","Helger","Ballinger, Maria Chan Esq","6 Hope Rd #10","Pinnacle","QLD",4741,"07-1642-3251","0412-699-567","alida@helger.com.au","http://www.ballingermariachanesq.com.au""Donte","Resureccion","N E Industrial Distr Inc","65898 E St Nw","Watsonville","QLD",4887,"07-2373-6048","0478-459-448","donte.resureccion@yahoo.com","http://www.neindustrialdistrinc.com.au""Lou","Kriner","Joondeph, Jerome J Esq","39 Broad St","Seaforth","NSW",2092,"02-7328-3350","0496-387-592","lou.kriner@hotmail.com","http://www.joondephjeromejesq.com.au""Dortha","Vrieze","Art In Forms","654 Seguine Ave","White Hills","TAS",7258,"03-1981-6209","0430-222-319","dortha@vrieze.net.au","http://www.artinforms.com.au""Genevive","Sanborn","Central Hudson Ent Corp","78 31st St","Bellangry","NSW",2446,"02-6246-5711","0431-413-930","genevive@hotmail.com","http://www.centralhudsonentcorp.com.au""Alease","Strawbridge","Marscher, William F Iii","35673 Annapolis Rd #190","Ascot","QLD",4359,"07-3760-1546","0497-868-525","alease_strawbridge@strawbridge.com.au","http://www.marscherwilliamfiii.com.au""Veda","Mishkin","Smith, Sean O Esq","98247 Russell Blvd","Stafford Heights","QLD",4053,"07-6034-2422","0474-823-917","veda.mishkin@mishkin.com.au","http://www.smithseanoesq.com.au""Craig","Vandersloot","Maverik Country Stores Inc","3 S Willow St #82","Bygalorie","NSW",2669,"02-5487-7528","0492-408-109","craig_vandersloot@yahoo.com","http://www.maverikcountrystoresinc.com.au""Lauran","Tovmasyan","United Christian Cmnty Crdt Un","199 Maple Ave","Boolaroo","NSW",2284,"02-2546-5344","0459-680-488","ltovmasyan@tovmasyan.net.au","http://www.unitedchristiancmntycrdtun.com.au""Aaron","Kloska","Radecker, H Philip Jr","423 S Navajo St #56","Brookhill","QLD",4816,"07-9896-4827","0473-600-733","aaron_kloska@kloska.net.au","http://www.radeckerhphilipjr.com.au""Francene","Skursky","Cullen, Jack J Esq","5 30w W #3083","Hillston","NSW",2675,"02-5941-3178","0485-944-417","francene.skursky@skursky.net.au","http://www.cullenjackjesq.com.au""Zena","Daria","Kszl Am Radio","57245 W Union Blvd #25","Ivanhoe East","VIC",3079,"03-2822-8156","0466-820-981","zdaria@gmail.com","http://www.kszlamradio.com.au""Brigette","Breckenstein","Blewett, Yvonne S","971 Northwest Blvd","Caniambo","VIC",3630,"03-5722-3451","0462-308-800","brigette@breckenstein.com.au","http://www.blewettyvonnes.com.au""Jeniffer","Jezek","Sheraton Inn Atlanta Northwest","1089 Pacific Coast Hwy","Myrniong","VIC",3341,"03-3268-5102","0493-644-827","jeniffer@gmail.com","http://www.sheratoninnatlantanorthwest.com.au""Selma","Elm","Preston, Anne M Esq","6787 Emerson St","Woolamai","VIC",3995,"03-9183-9493","0418-581-770","selm@elm.net.au","http://www.prestonannemesq.com.au""Elenora","Handler","A & A Custom Rubber Stamps","8 Middletown Blvd #708","Wardering","WA",6311,"08-5671-3318","0481-367-908","ehandler@yahoo.com","http://www.aacustomrubberstamps.com.au""Nadine","Okojie","Hirsch, Walter W Esq","56 Tank Farm Rd","Kukerin","WA",6352,"08-9746-2341","0424-801-736","nadine.okojie@okojie.com.au","http://www.hirschwalterwesq.com.au""Kristin","Shiflet","Jones, Peter B Esq","503 Fulford Ave","Somers","VIC",3927,"03-4529-7210","0488-223-788","kristin@hotmail.com","http://www.jonespeterbesq.com.au""Melinda","Fellhauer","Sterling Institute","8275 Calle De Industrias","Wayatinah","TAS",7140,"03-4387-3800","0493-258-647","melinda_fellhauer@fellhauer.com.au","http://www.sterlinginstitute.com.au""Kirby","Litherland","Cross Western Store","92 South St","Alligator Creek","QLD",4740,"07-5284-3845","0480-676-186","kirby.litherland@hotmail.com","http://www.crosswesternstore.com.au""Kent","Ivans","Demer Normann Smith Ltd","56710 Euclid Ave","Camp Mountain","QLD",4520,"07-8661-4016","0429-746-524","kent_ivans@yahoo.com","http://www.demernormannsmithltd.com.au""Dan","Platz","Ny Stat Trial Lawyers Assn","5210 E Airy St #2","Brandy Creek","QLD",4800,"07-4306-1623","0441-978-907","dan_platz@hotmail.com","http://www.nystattriallawyersassn.com.au""Millie","Pirkl","Mann, Charles E Esq","31 Schuyler Ave","Sovereign Hill","VIC",3350,"03-6023-2680","0410-688-713","millie_pirkl@gmail.com","http://www.manncharleseesq.com.au""Moira","Qadir","Airnetics Engineering Co","661 Plummer St #963","Arno Bay","SA",5603,"08-7687-4883","0471-106-909","moira.qadir@gmail.com","http://www.airneticsengineeringco.com.au""Reta","Qazi","American Pie Co Inc","1351 Simpson St","Maffra","VIC",3860,"03-1974-9948","0446-105-779","reta.qazi@yahoo.com","http://www.americanpiecoinc.com.au""Brittney","Lolley","Brown Chiropractic","2391 Pacific Blvd","Ulverstone","TAS",7315,"03-4072-7094","0451-120-660","brittney@lolley.net.au","http://www.brownchiropractic.com.au""Leandro","Bolka","Classic Video Duplication Inc","1886 2nd Ave","Wattle Hill","TAS",7172,"03-8157-4609","0413-530-467","leandro_bolka@hotmail.com","http://www.classicvideoduplicationinc.com.au""Edison","Sumera","Mcclier Corp","52404 S Clinton Ave","Bower","SA",5374,"08-9114-1763","0463-377-181","edison.sumera@sumera.net.au","http://www.mccliercorp.com.au""Breana","Cassi","Gormley Lore Murphy","405 W Lee St","Stonehaven","VIC",3221,"03-2305-8627","0495-644-883","breana@yahoo.com","http://www.gormleyloremurphy.com.au""Jarvis","Nicols","Thudium Mail Advg Company","5656 N Fiesta Blvd","East Newdegate","WA",6355,"08-2117-5217","0436-246-951","jarvis@gmail.com","http://www.thudiummailadvgcompany.com.au""Felicitas","Orlinski","Jen E Distributing Co","9 Beverly Rd #5","Emerald","VIC",3782,"03-2451-1896","0444-326-506","felicitas_orlinski@orlinski.com.au","http://www.jenedistributingco.com.au""Geraldine","Neisius","Re/max Realty Services","96 Armitage Ave","Katunga","VIC",3640,"03-8243-2999","0440-707-817","geraldine@gmail.com","http://www.remaxrealtyservices.com.au""Alfred","Pacleb","Roundys Pole Fence Co","523 N Prince St","Willunga","SA",5172,"08-9450-7978","0453-896-533","alfred@pacleb.net.au","http://www.roundyspolefenceco.com.au""Leatha","Block","Chadds Ford Winery","6926 Orange Ave","Two Rocks","WA",6037,"08-7635-8350","0445-211-162","leatha_block@gmail.com","http://www.chaddsfordwinery.com.au""Jacquelyne","Rosso","Barragar, Anne L Esq","6940 Prospect Pl","Caldwell","NSW",2710,"02-4565-6425","0464-763-350","jacquelyne.rosso@yahoo.com","http://www.barragarannelesq.com.au""Jonelle","Epps","Kvoo Radio","52347 San Fernando Rd","Coppabella","QLD",4741,"07-8085-8351","0461-339-731","jepps@hotmail.com","http://www.kvooradio.com.au""Rosamond","Amlin","Donovan, William P Esq","5399 Mcwhorter Rd","Calala","NSW",2340,"02-8007-5034","0438-251-615","rosamond.amlin@gmail.com","http://www.donovanwilliampesq.com.au""Johnson","Mcenery","Overseas General Business Co","7 Hall St","Nambucca Heads","NSW",2448,"02-1718-4983","0446-721-262","johnson@gmail.com","http://www.overseasgeneralbusinessco.com.au""Elliot","Scatton","Nilad Machining","5 W Allen St","Mccullys Gap","NSW",2333,"02-3647-9507","0481-878-290","elliot.scatton@hotmail.com","http://www.niladmachining.com.au""Gerri","Perra","Byrne, Beth Hobbs","15126 Goldenwest St","Toowoomba South","QLD",4350,"07-6019-7861","0416-887-937","gerri@yahoo.com","http://www.byrnebethhobbs.com.au""Rosendo","Jelsma","Dileo, Lucille A Esq","94 I 55s S","