Applecross","WA",6953,"08-7712-4785","0477-239-199","rosendo_jelsma@hotmail.com","http://www.dileolucilleaesq.com.au""Eveline","Brickhouse","First Express","288 N 168th Ave #266","Camberwell West","VIC",3124,"03-9517-9800","0463-242-525","eveline@yahoo.com","http://www.firstexpress.com.au""Laurene","Bennett","Elbin Internatl Baskets","5 Richmond Ct","North Perth","WA",6906,"08-2969-2908","0468-234-875","laurene_bennett@gmail.com","http://www.elbininternatlbaskets.com.au""Tegan","Ebershoff","Multiform Business Printing","28 Aaronwood Ave Ne","Coombell","NSW",2470,"02-6604-9720","0499-760-910","tegan_ebershoff@hotmail.com","http://www.multiformbusinessprinting.com.au""Tracie","Huro","Jin Shin Travel Agency","39701 6th Ave #1485","Pacific Heights","QLD",4703,"07-1951-6787","0494-620-234","thuro@gmail.com","http://www.jinshintravelagency.com.au""Mertie","Kazeck","Electra Gear Divsn Regal","35662 S University Blvd","Guildford","WA",6935,"08-5475-6162","0446-422-535","mertie.kazeck@kazeck.com.au","http://www.electrageardivsnregal.com.au""Clare","Bortignon","Sparta Home Center","73 Dennison St #70","Herron","WA",6210,"08-9256-6135","0423-874-910","clare_bortignon@hotmail.com","http://www.spartahomecenter.com.au""Rebeca","Baley","R A C E Enterprises Inc","9591 Bayshore Rd #637","Mirrool","NSW",2665,"02-7049-7728","0486-736-129","rebeca_baley@hotmail.com","http://www.raceenterprisesinc.com.au""Nilsa","Pawell","Jersey Wholesale Fence Co Inc","57 N Weinbach Ave","Bundaberg West","QLD",4670,"07-8997-8513","0486-504-582","npawell@pawell.net.au","http://www.jerseywholesalefencecoinc.com.au""Samuel","Arellanes","Ryan, Barry M Esq","286 Santa Rosa Ave","Lane Cove","NSW",1595,"02-7995-6787","0446-710-661","samuel.arellanes@arellanes.net.au","http://www.ryanbarrymesq.com.au""Ivette","Servantes","Albright, Alexandra W Esq","446 Woodward Ave #1","Reservoir","VIC",3073,"03-9801-9429","0488-109-742","ivette_servantes@servantes.com.au","http://www.albrightalexandrawesq.com.au""Merrilee","Fajen","Gazette Record","1 Jenks Ave","Upper Kedron","QLD",4055,"07-9104-1459","0489-493-308","merrilee@fajen.net.au","http://www.gazetterecord.com.au""Gianna","Eilers","Cochnower Pest Control","7 Valley Blvd","Buchan","VIC",3885,"03-4328-5253","0418-994-884","gianna@yahoo.com","http://www.cochnowerpestcontrol.com.au""Hyman","Phinazee","Als Village Stationers","42741 Anania Dr","Beltana","SA",5730,"08-5756-9456","0446-460-955","hphinazee@yahoo.com","http://www.alsvillagestationers.com.au""Buck","Pascucci","A B C Pattern & Foundry Co","5 Shakespeare Ave","Kingswood","SA",5062,"08-9279-1731","0453-818-566","buck@yahoo.com","http://www.abcpatternfoundryco.com.au""Kenny","Leicht","Gaddis Court Reporting","245 5th Ave","Nicholls Rivulet","TAS",7112,"03-6240-8274","0486-712-822","kenny@leicht.com.au","http://www.gaddiscourtreporting.com.au""Tabetha","Bai","Howard Johnson","2 Gateway Ctr","Upper Mount Gravatt","QLD",4122,"07-6813-6477","0438-141-107","tabetha.bai@gmail.com","http://www.howardjohnson.com.au""Alonso","Popper","Sunrise Cirby Animal Hospital","3175 Northwestern Hwy","Ridgley","TAS",7321,"03-7036-7071","0448-235-525","alonso_popper@hotmail.com","http://www.sunrisecirbyanimalhospital.com.au""Alonzo","Polek","Braid Electric Co","8 S Plaza Dr","Tubbut","VIC",3888,"03-2403-7167","0419-100-429","alonzo_polek@polek.net.au","http://www.braidelectricco.com.au""Son","Magnotta","Lisko, Roy K Esq","8 Collins Ave","Collingullie","NSW",2650,"02-2376-7653","0446-520-807","son.magnotta@magnotta.net.au","http://www.liskoroykesq.com.au""Jesusita","Druck","House Of Ing","9526 Lincoln St","Munno Para","SA",5115,"08-3605-3943","0424-741-530","jesusita@druck.net.au","http://www.houseofing.com.au""Annice","Kunich","Hassanein, Nesa E Esq","406 E 4th St","Tyagarah","NSW",2481,"02-6769-6153","0449-775-616","annice_kunich@kunich.net.au","http://www.hassaneinnesaeesq.com.au""Delila","Buchman","Frasier Karen L Kolligs","361 Via Colinas","Redgate","WA",6286,"08-1791-7668","0454-544-286","delila.buchman@hotmail.com","http://www.frasierkarenlkolligs.com.au""Iraida","Sionesini","Arc Of Montgomery County Inc","94 S Jefferson Rd","Modewarre","VIC",3240,"03-4812-5654","0490-625-307","iraida.sionesini@yahoo.com","http://www.arcofmontgomerycountyinc.com.au""Alona","Driesenga","Redington, Thomas P Esq","8961 S Central Expy","Stirling Range National Park","WA",6338,"08-6777-4159","0428-176-191","alona_driesenga@hotmail.com","http://www.redingtonthomaspesq.com.au""Lajuana","Vonderahe","Milwaukee Courier Inc","7 Wiley Post Way","Trowutta","TAS",7330,"03-5661-2424","0430-111-686","lajuana.vonderahe@yahoo.com","http://www.milwaukeecourierinc.com.au""Madelyn","Maestri","Mervis Steel Co","60 S 4th St","Rouse Hill","NSW",2155,"02-2129-8131","0413-115-438","madelyn.maestri@yahoo.com","http://www.mervissteelco.com.au""Louann","Susmilch","M Sorkin Sanford Associates","6 Lafayette St #3034","Wyandra","QLD",4489,"07-5035-4889","0489-594-290","louann_susmilch@yahoo.com","http://www.msorkinsanfordassociates.com.au""William","Devol","Low Country Kitchen & Bath","35 Jefferson Ave","Goondi Hill","QLD",4860,"07-4963-5297","0485-183-917","wdevol@devol.net.au","http://www.lowcountrykitchenbath.com.au""Corazon","Grafenstein","Spieker Properties","3492 88th St","Hill River","WA",6521,"08-1624-7236","0481-500-964","cgrafenstein@gmail.com","http://www.spiekerproperties.com.au""Fairy","Burket","Walker & Brehn Pa","20 Sw 28th Ter","Fairview Park","SA",5126,"08-9159-7562","0472-806-350","fairy_burket@burket.com.au","http://www.walkerbrehnpa.com.au""Lashawn","Urion","U Stor","6 Argyle Rd","Bar Beach","NSW",2300,"02-4794-6673","0436-337-750","lurion@yahoo.com","http://www.ustor.com.au""Ronald","Gayner","Moorhead, Michael D Esq","438 E Reynolds Rd #239","University Of Tasmania","TAS",7005,"03-7734-9557","0499-737-220","rgayner@hotmail.com","http://www.moorheadmichaeldesq.com.au""Shizue","Hayduk","R M Sloan Co Inc","47 Hall St","Regent West","VIC",3072,"03-2297-9891","0456-480-906","shayduk@gmail.com","http://www.rmsloancoinc.com.au""Nida","Fitz","Star Limousine","17720 Beach Blvd","Oxley","QLD",4075,"07-7445-2572","0473-495-435","nfitz@hotmail.com","http://www.starlimousine.com.au""Amos","Limberg","Pioneer Telephone Paging","8 2nd St","Don","TAS",7310,"03-4539-9131","0492-444-651","alimberg@limberg.com.au","http://www.pioneertelephonepaging.com.au""Dexter","Prosienski","Communication Buildings Amer","490 Court St","Nyora","VIC",3987,"03-2454-6523","0472-707-132","dexter@prosienski.net.au","http://www.communicationbuildingsamer.com.au""Ludivina","Calamarino","Components & Equipment Co","1456 Hill Rd","Croydon","QLD",4871,"07-5378-4498","0482-267-844","lcalamarino@yahoo.com","http://www.componentsequipmentco.com.au""Ariel","Stavely","Grand Rapids Right To Life","6 7th St","Scottsdale","TAS",7260,"03-6510-4788","0441-579-823","ariel_stavely@stavely.com.au","http://www.grandrapidsrighttolife.com.au""Haley","Vaughn","Martin Nighswander & Mitchell","29 Nottingham Way #926","Montrose","VIC",3765,"03-7035-6484","0430-736-276","haley_vaughn@vaughn.net.au","http://www.martinnighswandermitchell.com.au""Raelene","Legeyt","Barter Systems Inc","8818 Century Park E #33","Oak Park","VIC",3046,"03-4878-1766","0463-745-755","raelene@gmail.com","http://www.bartersystemsinc.com.au""Micaela","Shiflett","W R Grace & Co","4 Commerce Center Dr","Nailsworth","SA",5083,"08-8856-8589","0451-514-152","micaela_shiflett@shiflett.com.au","http://www.wrgraceco.com.au""Alpha","Prudhomme","Davis, J Mark Esq","979 S La Cienega Blvd #627","Tarong","QLD",4615,"07-9053-8045","0464-687-686","aprudhomme@hotmail.com","http://www.davisjmarkesq.com.au""Zack","Warman","Roswell Honda Partners","9181 E 26th St","Kensington Park","SA",5068,"08-9948-2940","0414-749-850","zwarman@gmail.com","http://www.roswellhondapartners.com.au""Wilford","Pata","Era Mclachlan John Morgan Real","8855 North Ave","Ashmore","QLD",4214,"07-7445-2538","0445-797-121","wilford_pata@pata.net.au","http://www.eramclachlanjohnmorganreal.com.au""Carman","Robasciotti","Vaughan, James J Esq","4 Spinning Wheel Ln","Granya","VIC",3701,"03-1570-9956","0420-704-683","carman_robasciotti@hotmail.com","http://www.vaughanjamesjesq.com.au""Carylon","Bayot","Wzyx 1440 Am","5905 S 32nd St","Alexandra","VIC",3714,"03-8858-7088","0475-926-458","carylon@gmail.com","http://www.wzyxam.com.au""Gladys","Schmale","Amercn Spdy Printg Ctrs Ocala","514 Glenn Way","Wirrulla","SA",5661,"08-4564-2338","0410-812-931","gschmale@schmale.net.au","http://www.amercnspdyprintgctrsocala.com.au""Matilda","Peleg","A & D Pallet Co","708 S Wilson Way","Weymouth","TAS",7252,"03-1130-5685","0481-222-272","matilda.peleg@hotmail.com","http://www.adpalletco.com.au""Jacklyn","Wojnar","Nationwide Insurance","16949 Harristown Rd","Summer Hill","NSW",2287,"02-6287-8787","0434-382-805","jacklyn@hotmail.com","http://www.nationwideinsurance.com.au""Tashia","Charney","Gallagher, Owen Esq","9 13th Ave S","Shailer Park","QLD",4128,"07-7659-5711","0450-769-383","tashia.charney@charney.net.au","http://www.gallagherowenesq.com.au""Dorian","Eischens","Thomas Somerville Co","1 Rock Island Rd #8","Bell","NSW",2786,"02-7739-6600","0428-946-162","deischens@gmail.com","http://www.thomassomervilleco.com.au""Jesus","Merkt","Unr Rohn","1554 Bracken Crk","Licola","VIC",3858,"03-9341-9757","0492-739-675","jesus_merkt@merkt.net.au","http://www.unrrohn.com.au""Brandee","Svoboda","Cath Lea For Relig & Cvl Rgts","7 10th St W","Walyormouring","WA",6460,"08-3614-5966","0419-644-936","brandee_svoboda@svoboda.net.au","http://www.cathleaforreligcvlrgts.com.au""Edda","Mcquaide","Eagles Nest","9 Cron Hill Dr","Boronia","VIC",3155,"03-1465-8645","0416-330-811","emcquaide@yahoo.com","http://www.eaglesnest.com.au""Felix","Bumby","Epsilon Products Company","82 Tremont St #4","Baddaginnie","VIC",3670,"03-1431-3996","0485-718-212","felix.bumby@bumby.com.au","http://www.epsilonproductscompany.com.au""Ben","Kellman","Anderson, Julie A Esq","30024 Whipple Ave Nw","Berrilee","NSW",2159,"02-7968-9243","0441-733-809","ben_kellman@kellman.net.au","http://www.andersonjulieaesq.com.au""Mickie","Upton","Oakey & Oakey Abstrct Burnett","900 W Wood St","Barmaryee","QLD",4703,"07-7647-5420","0499-576-666","mickie.upton@yahoo.com","http://www.oakeyoakeyabstrctburnett.com.au""Phung","Krome","Pacific Scientific Co","847 Norristown Rd","Longford","TAS",7301,"03-9617-5392","0417-815-258","pkrome@yahoo.com","http://www.pacificscientificco.com.au""Lashonda","Langanke","Krausert, Diane D Esq","667 S Highland Dr #4","Simson","VIC",3465,"03-9838-7533","0491-793-730","lashonda@langanke.net.au","http://www.krausertdianedesq.com.au""Patria","Popa","Blaney Sheet Metal","21 W 2nd St","Killabakh","NSW",2429,"02-6522-3993","0493-319-728","patria.popa@gmail.com","http://www.blaneysheetmetal.com.au""Nidia","Horr","Goodknight, David R","2 W Henrietta Rd #6","Paluma","QLD",4816,"07-8441-8214","0437-170-488","nidia@gmail.com","http://www.goodknightdavidr.com.au""Skye","Culcasi","Sullivan & Associates Ltd","82655 Shawnee Mission Pky #5798","Barnawartha","VIC",3688,"03-9075-3104","0451-601-420","skye_culcasi@hotmail.com","http://www.sullivanassociatesltd.com.au""Kanisha","Reyelts","American Board Of Surgery","9 Taylor Ave","Holwell","TAS",7275,"03-2921-8418","0423-358-965","kreyelts@yahoo.com","http://www.americanboardofsurgery.com.au""Hector","Barras","Vernon Manor Hotel","62 J St #450","Combienbar","VIC",3889,"03-3017-8394","0438-431-666","hector.barras@barras.com.au","http://www.vernonmanorhotel.com.au""Stefan","Mongolo","Keith Altizer & Company Pa","2 Pennington St","Port Adelaide","SA",5015,"08-4563-6214","0495-777-435","stefan_mongolo@mongolo.net.au","http://www.keithaltizercompanypa.com.au""Francoise","Byon","H P Stran & Co","5496 Ne Columbia Blvd","Klemzig","SA",5087,"08-3914-9404","0430-357-187","francoise@hotmail.com","http://www.hpstranco.com.au""Lindy","Vandermeer","Southern National Bank S Car","4244 Lucas Creek Rd","Emu Park","QLD",4710,"07-9407-9202","0417-325-352","lindy@vandermeer.com.au","http://www.southernnationalbankscar.com.au""Arthur","Diniz","American Western Mortgage","79819 Palmetto Ave","Travancore","VIC",3032,"03-2517-3453","0429-206-122","arthur@gmail.com","http://www.americanwesternmortgage.com.au""Nicholle","Hulme","Oxner Vallerie","7 N Glenn Rd","Whetstone","QLD",4387,"07-7144-4719","0476-915-729","nicholle_hulme@hulme.com.au","http://www.oxnervallerie.com.au""Tijuana","Mesch","Rochelle Cold Storage","61 Center St #8","Corella","QLD",4570,"07-1415-9307","0444-393-673","tijuana_mesch@gmail.com","http://www.rochellecoldstorage.com.au""Lorenza","Schoenleber","Mail Boxes Etc","562 Nw Cornell Rd","Humpty Doo","NT","0836","08-8081-7779","0445-830-408","lorenza.schoenleber@schoenleber.com.au","http://www.mailboxesetc.com.au""Iola","Baird","Xandex Inc","48 General George Patton Dr #8611","Goode Beach","WA",6330,"08-2325-5905","0482-635-206","ibaird@baird.net.au","http://www.xandexinc.com.au""Sang","Weigner","Hander, Deborah G Esq","9 W Passaic St","Heidelberg Rgh","VIC",3081,"03-8912-5755","0419-565-485","sweigner@gmail.com","http://www.handerdeborahgesq.com.au""Leonor","Prez","Vinco Furniture Inc","968 Delaware Ave","Waterloo","NSW",2017,"02-7463-8776","0466-155-348","lprez@prez.com.au","http://www.vincofurnitureinc.com.au""Silvana","Whelpley","Stamp House","548 Charmonie Ln","Minyip","VIC",3392,"03-5175-6193","0489-343-254","swhelpley@yahoo.com","http://www.stamphouse.com.au""Anthony","Stever","Burton & Davis","91114 Grand Ave","Hunchy","QLD",4555,"07-7092-8542","0495-801-419","anthony.stever@hotmail.com","http://www.burtondavis.com.au""Wenona","Carmel","Maier, Kristine M","44 Bush St","Grosvenor Place","NSW",1220,"02-2832-1545","0439-849-209","wenona@gmail.com","http://www.maierkristinem.com.au""Isadora","Yurick","J M Edmunds Co Inc","6 Mahler Rd","Pacific Paradise","QLD",4564,"07-9595-6042","0412-855-847","iyurick@hotmail.com","http://www.jmedmundscoinc.com.au""Mose","Vonseggern","Art Concepts","1 E Main St","Hungerford","QLD",4493,"07-5769-8004","0467-531-601","mose_vonseggern@hotmail.com","http://www.artconcepts.com.au""Marci","Aveline","Richards, Don R Esq","58 State St #998","Boya","WA",6056,"08-3342-3889","0447-443-927","marci.aveline@hotmail.com","http://www.richardsdonresq.com.au""Michel","Hoyne","B & B Environmental Inc","11408 Green St","Elizabeth West","SA",5113,"08-6183-9260","0481-466-206","michel@hoyne.com.au","http://www.bbenvironmentalinc.com.au""Stephania","Connon","Printing Delite","297 8th Ave S #9","Gumly Gumly","NSW",2652,"02-5725-5992","0416-443-185","stephania.connon@connon.com.au","http://www.printingdelite.com.au""Charolette","Turk","Weil Mclain Co","1 Wyckoff Ave","Wilmington","SA",5485,"08-4735-5054","0430-400-899","cturk@yahoo.com","http://www.weilmclainco.com.au""Katie","Magro","Jones, Andrew D Esq","8 E North Ave","Pagewood","NSW",2035,"02-7265-9702","0439-832-641","katie_magro@gmail.com","http://www.jonesandrewdesq.com.au""Inocencia","Angeron","South Adams Savings Bank","13386 Tamarco Dr #20","Tawonga","VIC",3697,"03-6268-2647","0482-712-669","inocencia.angeron@angeron.net.au","http://www.southadamssavingsbank.com.au""Nikita","Novosel","Universal Granite & Marble Inc","70 W Market St #20","Hamlyn Heights","VIC",3215,"03-5716-1053","0470-886-805","nikita_novosel@novosel.net.au","http://www.universalgranitemarbleinc.com.au""Malcolm","Gohlke","Imagelink","53247 Montgomery St #36","Southtown","QLD",4350,"07-9826-3950","0450-887-422","malcolm@yahoo.com","http://www.imagelink.com.au""Desiree","Englund","Wrrr Fm","9495 Central Hwy #66","East Bowes","WA",6535,"08-5289-4594","0414-731-630","denglund@gmail.com","http://www.wrrrfm.com.au""Holley","Worland","Lord Aeck & Sargent Architects","2 Route 9","Blue Haven","NSW",2262,"02-9885-9593","0469-808-491","holley.worland@hotmail.com","http://www.lordaecksargentarchitects.com.au""Maryann","Tates","Dalbec Agency Inc","75700 Academy Rd","Cramphorne","WA",6420,"08-1520-4093","0479-474-917","mtates@yahoo.com","http://www.dalbecagencyinc.com.au""Ling","Dibello","Reese Press Inc","6 Monte Ave","Beelbi Creek","QLD",4659,"07-1330-6750","0444-175-406","ling_dibello@yahoo.com","http://www.reesepressinc.com.au""Hailey","Kopet","Stokes, Fred J Esq","5 France Ave S","Tanbar","QLD",4481,"07-3799-1667","0443-979-875","hailey_kopet@kopet.com.au","http://www.stokesfredjesq.com.au""Farrah","Malboeuf","Slachter, David Esq","803 Tupper Ln","Ringwood","VIC",3134,"03-7139-6376","0472-511-112","farrah@malboeuf.com.au","http://www.slachterdavidesq.com.au""Candra","Deritis","Girling Health Care Inc","43 Nolan St","Battery Point","TAS",7004,"03-4231-3633","0439-769-439","candra@deritis.net.au","http://www.girlinghealthcareinc.com.au""Reuben","Hegland","Welders Supply Service Inc","6 W 39th St","Milton","NSW",2538,"02-1402-5215","0489-476-500","reuben@yahoo.com","http://www.welderssupplyserviceinc.com.au""Anglea","Andrion","Engelbrecht, William H Esq","910 21st St","Laura","QLD",4871,"07-3239-2830","0442-946-694","anglea.andrion@andrion.com.au","http://www.engelbrechtwilliamhesq.com.au""Paris","Tuccio","Nancy Brandon Realtor","2677 S Jackson St","Kidman Park","SA",5025,"08-8868-2010","0417-281-870","paris.tuccio@hotmail.com","http://www.nancybrandonrealtor.com.au""Latricia","Schmoyer","Flanagan Lieberman Hoffman","6 Central Ave #4","Woodville","SA",5011,"08-5444-3296","0459-945-995","latricia_schmoyer@hotmail.com","http://www.flanaganliebermanhoffman.com.au""Jeffrey","Leuenberger","Walter W Lawrence Ink","564 Almeria Ave #7474","Pedler Creek","SA",5171,"08-1267-4421","0436-612-609","jleuenberger@yahoo.com","http://www.walterwlawrenceink.com.au""Dean","Vollstedt","Ship It Packaging Inc","4 Grand St","Muckleford South","VIC",3462,"03-6776-1146","0492-559-630","dvollstedt@vollstedt.com.au","http://www.s