Cairns City","QLD",4870,"07-5085-8138","0419-509-353","elenor.siefken@yahoo.com","http://www.chateausonestahotel.com.au""Mary","Irene","Superior Trading Co","3 N Michigan Ave","Warding East","WA",6405,"08-8012-6469","0411-620-740","mirene@gmail.com","http://www.superiortradingco.com.au""Crista","Padua","Breathitt Fnrl Home & Mnmt Co","1607 Laurel St","North Haven","NSW",2443,"02-9472-5814","0471-602-916","crista_padua@gmail.com","http://www.breathittfnrlhomemnmtco.com.au""Lawana","Yuasa","Viking Lodge","77818 Prince Drew Rd","Cape Paterson","VIC",3995,"03-2324-3472","0456-330-756","lawana_yuasa@yuasa.net.au","http://www.vikinglodge.com.au""Maryrose","Cove","Brown Bear Bait Company","1 Vogel Rd","Cabramatta","NSW",2166,"02-8010-8344","0440-811-454","mcove@hotmail.com","http://www.brownbearbaitcompany.com.au""Lindsey","Rathmann","Pakzad Advertising","5 Main St","Kongorong","SA",5291,"08-1269-1489","0499-741-651","lindsey_rathmann@rathmann.com.au","http://www.pakzadadvertising.com.au""Lynelle","Koury","Jean Barbara Ltd","7696 Carey Ave","Digby","VIC",3309,"03-5213-8219","0462-987-152","lynelle.koury@koury.net.au","http://www.jeanbarbaraltd.com.au""Brice","Bogacz","Thurmon, Steven P","76 San Pablo Ave","Sedan","SA",5353,"08-5203-2193","0467-821-930","bbogacz@hotmail.com","http://www.thurmonstevenp.com.au""Laine","Killean","Bussard, Vicki L Esq","767 9th Ave Sw","Braybrook","VIC",3019,"03-2813-6426","0411-276-383","laine@gmail.com","http://www.bussardvickilesq.com.au""Rachael","Crawley","Stamell Tabacco & Schager","82 Hopkins Plz","Inkpen","WA",6302,"08-2089-8553","0459-738-842","rachael@gmail.com","http://www.stamelltabaccoschager.com.au""Della","Selestewa","Aztech Controls Inc","64 Prairie Ave","Gillieston Heights","NSW",2321,"02-4885-8382","0456-162-659","della.selestewa@gmail.com","http://www.aztechcontrolsinc.com.au""Thomasena","Graziosi","Hutchinson Inc","5 Jackson St","Neerabup","WA",6031,"08-4849-4417","0434-497-618","thomasena@gmail.com","http://www.hutchinsoninc.com.au""Frederic","Schimke","Curtis & Curtis Inc","705 Stanwix St","Mount Martha","VIC",3934,"03-4829-5695","0435-982-307","fschimke@schimke.com.au","http://www.curtiscurtisinc.com.au""Halina","Dellen","Roane, Matthew H Esq","3318 Buckelew Ave","Appila","SA",5480,"08-6742-2308","0478-235-293","halina.dellen@dellen.com.au","http://www.roanematthewhesq.com.au""Ryann","Riston","Best Western Gloucester Inn","38494 Port Reading Ave","Milton","QLD",4064,"07-9920-3550","0423-341-752","ryann@hotmail.com","http://www.bestwesterngloucesterinn.com.au""Shawn","Vugteveen","Shine","81 Us Highway 9","Etty Bay","QLD",4858,"07-3103-8372","0480-561-819","svugteveen@vugteveen.net.au","http://www.shine.com.au""Leah","Milsap","Schwartz, Seymour I Md","45 Mountain View Ave","Lower Hermitage","SA",5131,"08-4040-9192","0452-193-155","leah@milsap.com.au","http://www.schwartzseymourimd.com.au""Ira","Zihal","American Express Publshng Corp","6 W Meadow St","Degilbo","QLD",4621,"07-4724-9987","0466-603-340","ira.zihal@yahoo.com","http://www.americanexpresspublshngcorp.com.au""Paris","Kinnison","Saratoga Land Office","2 Old Corlies Ave","Eastern Heights","QLD",4305,"07-4518-4450","0454-257-906","paris.kinnison@gmail.com","http://www.saratogalandoffice.com.au""Shayne","Sundahl","Jaywork, John Terence Esq","5614 Public Sq","Normanville","SA",5204,"08-8587-1196","0443-386-213","shayne.sundahl@gmail.com","http://www.jayworkjohnterenceesq.com.au""Ernestine","Paavola","Northbros Co Divsn Natl Svc","6 E Gloria Switch Rd #96","Yorkrakine","WA",6409,"08-1140-6357","0414-354-955","ernestine.paavola@paavola.com.au","http://www.northbroscodivsnnatlsvc.com.au""Eleonore","Everline","Psychotherapy Associates","1 Us Highway 206","Kialla East","VIC",3631,"03-5355-5505","0497-442-813","eeverline@hotmail.com","http://www.psychotherapyassociates.com.au""Misty","Leriche","K J N Advertising Inc","5289 Ramblewood Dr","Glen Boughton","QLD",4871,"07-5486-1002","0414-661-490","mleriche@yahoo.com","http://www.kjnadvertisinginc.com.au""Na","Hodges","Automatic Feed Co","5 Aquarium Pl #1","Ongerup","WA",6336,"08-8215-1588","0444-777-459","na_hodges@hotmail.com","http://www.automaticfeedco.com.au""Juan","Knudtson","Newton Clerk","466 Lincoln Blvd","Clunes","VIC",3370,"03-9173-6140","0474-730-764","juan@gmail.com","http://www.newtonclerk.com.au""Gerald","Kloepper","Pleasantville Finance Dept","42 United Dr","Pierces Creek","QLD",4355,"07-4297-4607","0437-819-518","gerald@yahoo.com","http://www.pleasantvillefinancedept.com.au""Desmond","Tarkowski","Body Part Connection","5920 E Arapahoe Rd","Andergrove","QLD",4740,"07-6793-5954","0445-121-372","desmond_tarkowski@hotmail.com","http://www.bodypartconnection.com.au""Tommy","Gennusa","Cooper And Raley","2 New Brooklyn Rd","Concord West","NSW",2138,"02-5444-1961","0498-290-826","tommy@hotmail.com","http://www.cooperandraley.com.au""Adrianna","Poncio","H T Communications Group Ltd","9 34th Ave #69","Bethania","QLD",4205,"07-6113-9653","0432-130-553","adrianna@poncio.com.au","http://www.htcommunicationsgroupltd.com.au""Adaline","Galagher","Debbie Reynolds Hotel","32716 N Michigan Ave #82","Barooga","NSW",3644,"02-3225-1954","0416-156-336","adaline.galagher@galagher.com.au","http://www.debbiereynoldshotel.com.au""Tammi","Schiavi","Crew, Robert B Esq","78 Sw Beaverton Hillsdale H","Willetton","WA",6155,"08-9707-2679","0425-809-254","tammi.schiavi@hotmail.com","http://www.crewrobertbesq.com.au""Virgilio","Phay","Reef Encrustaceans","8494 E 57th St","Stratton","WA",6056,"08-8147-9584","0460-368-567","vphay@phay.com.au","http://www.reefencrustaceans.com.au""Emeline","Sotelo","Reporters Inc","46 Broadway St","Elimbah","QLD",4516,"07-7240-6480","0451-790-704","emeline@gmail.com","http://www.reportersinc.com.au""Marcos","Seniff","Arizona Equipment Trnsprt Inc","228 S Tyler St","Emerald","VIC",3782,"03-6340-5010","0464-786-310","marcos_seniff@gmail.com","http://www.arizonaequipmenttrnsprtinc.com.au""Yuonne","Carabajal","Hub Manufacturing Company Inc","2714 Beach Blvd","Changerup","WA",6394,"08-7432-4632","0470-345-731","ycarabajal@carabajal.com.au","http://www.hubmanufacturingcompanyinc.com.au""Gladis","Kazemi","Dippin Flavors","3266 Welsh Rd","Varsity Lakes","QLD",4227,"07-6444-3666","0444-157-156","gkazemi@kazemi.net.au","http://www.dippinflavors.com.au""Muriel","Drozdowski","Harfred Oil Co","1 S Maryland Pky","Durham Downs","QLD",4454,"07-5686-8088","0473-213-595","muriel_drozdowski@hotmail.com","http://www.harfredoilco.com.au""Juliann","Dammeyer","Wilheim, Kari A Esq","6 De Belier Rue","Bouvard","WA",6210,"08-3562-8644","0492-961-209","juliann@gmail.com","http://www.wilheimkariaesq.com.au""Reiko","Dejarme","Gilardis Frozen Food","57869 Alemany Blvd","Bentley Dc","WA",6983,"08-3733-5261","0414-715-583","rdejarme@dejarme.net.au","http://www.gilardisfrozenfood.com.au""Verdell","Garness","Ronald Massingill Pc","39 Plummer St","Thornton","NSW",2322,"02-6291-7620","0474-367-875","verdell.garness@yahoo.com","http://www.ronaldmassingillpc.com.au""Arleen","Kane","Colosi, Darryl J Esq","78717 Graves Ln","Eagle Farm","QLD",4009,"07-3476-2066","0430-271-168","arleen.kane@hotmail.com","http://www.colosidarryljesq.com.au""Launa","Vanauken","Tripuraneni, Prabhakar Md","30338 S Dunworth St","Peake","SA",5301,"08-9808-2647","0423-125-880","launa@gmail.com","http://www.tripuraneniprabhakarmd.com.au""Casandra","Gordis","Carlyle Abstract Co","6 Walnut St","Chippendale","NSW",2008,"02-5808-6388","0418-327-906","casandra_gordis@gordis.com.au","http://www.carlyleabstractco.com.au""Julio","Puccini","Streator Onized Fed Crdt Un","2244 Franquette Ave","Gorokan","NSW",2263,"02-5632-9914","0452-766-262","julio@gmail.com","http://www.streatoronizedfedcrdtun.com.au""Alica","Alerte","Valley Hi Bank","9892 Hernando W","Grevillia","NSW",2474,"02-6974-7785","0423-831-803","aalerte@alerte.com.au","http://www.valleyhibank.com.au""Karol","Sarkissian","Pep Boys Manny Moe & Jack","9296 Prince Rodgers Ave","Chatsworth","NSW",2469,"02-3490-2407","0419-430-467","ksarkissian@yahoo.com","http://www.pepboysmannymoejack.com.au""Wava","Ochs","Knights Inn","9 Chandler Ave #355","Bawley Point","NSW",2539,"02-1222-7812","0445-285-375","wava.ochs@gmail.com","http://www.knightsinn.com.au""Felicitas","Gong","Telcom Communication Center","173 Howard Ave","Weengallon","QLD",4497,"07-8516-6453","0470-655-661","fgong@gong.com.au","http://www.telcomcommunicationcenter.com.au""Jamie","Kushnir","Bell Electric Co","3216 W Wabansia Ave","Tuggeranong Dc","ACT",2901,"02-4623-8120","0426-830-817","jamie@kushnir.net.au","http://www.bellelectricco.com.au""Fidelia","Dampier","Signs Now","947 W Harrison St #640","Dangar Island","NSW",2083,"02-8035-9997","0478-179-538","fidelia_dampier@gmail.com","http://www.signsnow.com.au""Kris","Medich","Chieftain Four Inc","94843 Trabold Rd #59","Shannon","TAS",7030,"03-6589-2556","0469-243-477","kris.medich@hotmail.com","http://www.chieftainfourinc.com.au""Lashawna","Filan","South Carolina State Housing F","8 Lincoln Way W #6698","Greenhills","WA",6302,"08-6937-4366","0488-276-458","lashawna.filan@filan.net.au","http://www.southcarolinastatehousingf.com.au""Lachelle","Andrzejewski","Lucas Cntrl Systems Prod Deeco","262 Montauk Blvd","Cherrybrook","NSW",2126,"02-3416-9617","0453-493-910","lachelle.andrzejewski@andrzejewski.com.au","http://www.lucascntrlsystemsproddeeco.com.au""Katy","Saltourides","J C S Iron Works Inc","5040 Teague Rd #65","Junee","NSW",2663,"02-3003-1369","0481-278-876","katy_saltourides@yahoo.com","http://www.jcsironworksinc.com.au""Bettyann","Fernades","Lsr Pokorny Schwartz Friedman","54648 Hylan Blvd #883","Tibradden","WA",6532,"08-2901-3421","0427-971-504","bettyann@fernades.com.au","http://www.lsrpokornyschwartzfriedman.com.au""Valda","Levay","Branom Instrument Co","7463 Elmwood Park Blvd","Tungkillo","SA",5236,"08-2401-5672","0434-637-971","vlevay@levay.net.au","http://www.branominstrumentco.com.au""Lynette","Beaureguard","Young, Craig C Md","630 E Plano Pky","Tarawera","QLD",4494,"07-6679-3722","0417-544-301","lynette.beaureguard@hotmail.com","http://www.youngcraigcmd.com.au""Victor","Laroia","Midwest Marketing Inc","166 N Maple Dr","Scotts Head","NSW",2447,"02-8156-6969","0421-987-667","victor@laroia.net.au","http://www.midwestmarketinginc.com.au""Pa","Badgero","Korolishin, Michael Esq","20 Meadow Ln","Pakenham Upper","VIC",3810,"03-1861-5074","0480-433-145","pa_badgero@badgero.com.au","http://www.korolishinmichaelesq.com.au""Dorathy","Miskelly","Perrysburg Animal Care Inc","73 Robert S","Westerway","TAS",7140,"03-6340-9772","0432-706-521","dorathy.miskelly@gmail.com","http://www.perrysburganimalcareinc.com.au""Rodrigo","Schuh","Hospitality Design Group","512 E Idaho St","Burrier","NSW",2540,"02-3869-4096","0430-503-397","rodrigo_schuh@gmail.com","http://www.hospitalitydesigngroup.com.au""Stanford","Waganer","Ciba Geigy Corp","98021 Harwin Dr","East Nabawa","WA",6532,"08-3200-1670","0479-127-500","stanford_waganer@waganer.net.au","http://www.cibageigycorp.com.au""Michael","Orehek","Robinson, Michael C Esq","892 Sw Broadway #8","Millers Point","NSW",2000,"02-1919-1709","0482-613-598","michael_orehek@gmail.com","http://www.robinsonmichaelcesq.com.au""Ines","Tokich","De Woskin, Alan E Esq","192 N Sheffield Ave","Bunya Mountains","QLD",4405,"07-5017-7337","0481-799-605","ines_tokich@tokich.net.au","http://www.dewoskinalaneesq.com.au""Dorinda","Markoff","Alumi Span Inc","5 Columbia Pike","Mayfield East","NSW",2304,"02-6529-9317","0412-153-776","dorinda_markoff@hotmail.com","http://www.alumispaninc.com.au""Clarence","Gabbert","M C Publishing","35983 Daubert St","Verges Creek","NSW",2440,"02-4776-1384","0486-302-652","clarence.gabbert@gmail.com","http://www.mcpublishing.com.au""Omer","Radel","Phoenix Marketing Rep Inc","678 S Main St","Hill River","WA",6521,"08-9919-9540","0439-808-753","omer_radel@radel.net.au","http://www.phoenixmarketingrepinc.com.au""Winifred","Kingshott","Remc South Eastern","532 Saint Marks Ct","Marshdale","NSW",2420,"02-5318-1342","0471-558-187","winifred.kingshott@yahoo.com","http://www.remcsoutheastern.com.au""Theresia","Salomone","Curran, Carol N Esq","1337 N 26th St","Bundall","QLD",4217,"07-8250-2277","0437-687-429","theresia_salomone@gmail.com","http://www.currancarolnesq.com.au""Daisy","Kearsey","Faber Castell Corporation","556 Bernardo Cent","Mount Nasura","WA",6112,"08-2127-5977","0455-503-406","dkearsey@yahoo.com","http://www.fabercastellcorporation.com.au""Aretha","Bodle","Palmetto Food Equipment Co Inc","9561 Chartres St","Parndana","SA",5220,"08-7385-2716","0481-452-729","aretha_bodle@hotmail.com","http://www.palmettofoodequipmentcoinc.com.au""Bettina","Diciano","Greater Ky Corp","11999 Main St","Dripstone","NSW",2820,"02-3566-7608","0472-631-448","bdiciano@diciano.com.au","http://www.greaterkycorp.com.au""Omega","Mangino","Kajo 1270 Am Radio","495 Distribution Dr #996","Gnotuk","VIC",3260,"03-6623-5501","0422-968-757","omega.mangino@hotmail.com","http://www.kajoamradio.com.au""Dana","Vock","Fried, Monte Esq","49 Walnut St","Yarralumla","ACT",2600,"02-6689-1150","0411-398-917","dana_vock@yahoo.com","http://www.friedmonteesq.com.au""Naomi","Tuamoheloa","Dayer Real Estate Group","85 S Washington Ave","Muja","WA",6225,"08-6137-1726","0430-962-223","naomi@yahoo.com","http://www.dayerrealestategroup.com.au""Luis","Yerry","On Your Feet","72984 W 1st St","Summerhill","TAS",7250,"03-4492-4927","0490-571-461","luis@hotmail.com","http://www.onyourfeet.com.au""Dominga","Barchacky","South Side Machine Works Inc","3 Ridge Rd W #949","Port Flinders","SA",5495,"08-3087-9658","0412-225-824","dominga.barchacky@hotmail.com","http://www.southsidemachineworksinc.com.au""Isreal","Calizo","Milner Inn","2 Landmeier Rd","Wombeyan Caves","NSW",2580,"02-3494-3282","0455-472-994","isreal_calizo@gmail.com","http://www.milnerinn.com.au""Myrtie","Korba","United Mortgage","82 W Market St","Dartnall","WA",6320,"08-3174-2706","0412-679-832","mkorba@hotmail.com","http://www.unitedmortgage.com.au""Jodi","Naifeh","Cahill, Steven J Esq","89 N Himes Ave","Dural","NSW",2330,"02-6193-5184","0488-646-644","jodi@hotmail.com","http://www.cahillstevenjesq.com.au""Pearly","Hedstrom","G Whitfield Richards Co","62296 S Elliott Rd #2","Wandering","WA",6308,"08-3412-6699","0460-335-582","pearly@gmail.com","http://www.gwhitfieldrichardsco.com.au""Aileen","Menez","Cuzzo, Michael J Esq","8 S Main St","Manjimup","WA",6258,"08-1196-2822","0495-852-298","aileen_menez@menez.net.au","http://www.cuzzomichaeljesq.com.au""Glory","Carlo","Swanson Travel","50808 A Pamalee Dr","Grange","QLD",4051,"07-9265-7183","0490-570-424","glory_carlo@gmail.com","http://www.swansontravel.com.au""Kathrine","Francoise","Jackson, Brian C","30691 Poplar Ave #4","Indented Head","VIC",3223,"03-8791-9436","0449-461-650","kathrine@yahoo.com","http://www.jacksonbrianc.com.au""Domingo","Mckale","Fables Gallery","80968 Armitage Ave","Marla","SA",5724,"08-9919-7850","0418-290-707","domingo_mckale@mckale.net.au","http://www.fablesgallery.com.au""Julian","Laprade","Forsyth Steel Co","5 Pittsburg St","Mungabunda","QLD",4718,"07-2627-9976","0419-587-898","jlaprade@laprade.net.au","http://www.forsythsteelco.com.au""Marylou","Lofts","Lally, Lawrence D Esq","812 Berry Blvd #96","Houston","VIC",3128,"03-1765-4584","0473-727-909","marylou_lofts@lofts.com.au","http://www.lallylawrencedesq.com.au""Louis","Brueck","Sassy Lassie Dolls","73 12th St","Larrakeyah","NT","0820","08-5228-3628","0471-229-188","louis.brueck@brueck.net.au","http://www.sassylassiedolls.com.au""Ellsworth","Guenther","Performance Consulting Grp Inc","27730 American Ave","Docklands","VIC",3008,"03-2749-1381","0442-173-327","eguenther@hotmail.com","http://www.performanceconsultinggrpinc.com.au""Wilburn","Lary","Padrick, Comer W Jr","72 Park Ave","Gabbadah","WA",6041,"08-1042-4275","0431-743-155","wlary@lary.net.au","http://www.padrickcomerwjr.com.au""Arlie","Borra","Analytical Laboratories","59215 W 80th St","Morundah","NSW",2700,"02-1211-3823","0423-740-512","arlie.borra@gmail.com","http://www.analyticallaboratories.com.au""Alysa","Lehoux","Signs Of The Times","186 Geary Blvd #923","Trungley Hall","NSW",2666,"02-1385-3480","0475-366-466","alysa@hotmail.com","http://www.signsofthetimes.com.au""Marilynn","Herrera","Brown, Alan Esq","717 Midway Pl","Tawonga","VIC",3697,"03-1447-7041","0474-199-825","marilynn.herrera@herrera.net.au","http://www.brownalanesq.com.au""Scot","Jarva","Biancas La Petite French Bkry","68 Camden Rd","Kingswood","NSW",2550,"02-9676-4462","0445-480-672","scot.jarva@jarva.com.au","http://www.biancaslapetitefrenchbkry.com.au""Adelaide","Ender","Williams Design Group","175 N Central Ave","Greenslopes","QLD",4120,"07-7538-5504","0473-505-816","aender@gmail.com","http://www.williamsdesigngroup.com.au""Jackie","Borchelt","Community Communication Servs","80896 South Ave","Grovedale","VIC",3216,"03-8055-8668","0423-545-966","jackie_borchelt@hotmail.com","http://www.communitycommunicationservs.com.au""Carli","Bame","Hampton Inn Hotel","6584 S Bascom Ave #371","Elanora","QLD",4221,"07-5354-7251","0499-207-236","carli@yahoo.com","http://www.hamptoninnhotel.com.au""Coletta","Thro","Hoffman, Carl Esq","64865 Main St","North Fremantle","WA",6159,"08-1991-6947","0444-915-799","coletta.thro@thro.net.au","http://www.hoffmancarlesq.com.au""Katheryn","Lamers","Sonoco Products Co","62171 E 6th Ave","Fyshwick","ACT",2609,"02-4885-1611","0497-455-126","katheryn_lamers@gmail.com","http://www.sonocoproductsco.com.au""Santos","Wisenbaker","Brattleboro Printing Inc","67729 180th St","Allworth","NSW",2425,"02-2957-4812","0411-294-588","swisenbaker@wisenbaker.net.au","http://www.brattleboroprintinginc.com.au""Kimberely","Weyman","Scientific Agrcltl Svc Inc","7721 Harrison St","Kingsway West","NSW",2208,"02-7091-8948","0441-151-810","kweyman@w